CUST_ID,BALANCE,BALANCE_FREQUENCY,PURCHASES,ONEOFF_PURCHASES,INSTALLMENTS_PURCHASES,CASH_ADVANCE,PURCHASES_FREQUENCY,ONEOFF_PURCHASES_FREQUENCY,PURCHASES_INSTALLMENTS_FREQUENCY,CASH_ADVANCE_FREQUENCY,CASH_ADVANCE_TRX,PURCHASES_TRX,CREDIT_LIMIT,PAYMENTS,MINIMUM_PAYMENTS,PRC_FULL_PAYMENT,TENURE
C10000,3745.4,0.59,1315.91,2021.38,1148.27,1968.18,0.52,0.02,0.36,0.27,1,14,14755.68,1326.54,334.2,0.33,25
C10001,9507.14,0.77,1242.42,2392.08,1612.81,2367.18,0.14,0.09,0.34,0.16,0,14,3530.78,2439.73,549.06,0.28,13
C10002,7319.94,0.94,4532.21,758.9,1522.72,4272.74,0.7,0.42,0.05,0.22,1,18,,756.18,96.26,0.18,24
C10003,5986.58,0.87,1255.24,1878.37,316.26,1700.02,0.49,0.38,0.46,0.13,1,14,2255.79,287.87,735.21,0.32,17
C10004,1560.19,0.9,1367.03,1719.52,307.01,4348.25,0.13,0.18,0.28,0.19,3,15,11274.1,3975.08,766.02,0.14,33
C10005,1559.95,0.83,3799.4,2500.16,543.67,440.67,0.77,0.19,0.18,0.1,2,18,14926.55,3700.47,1612.49,0.4,16
C10006,580.84,0.85,2254.2,2719.2,728.54,3883.99,0.41,0.27,0.38,0.09,1,20,12467.94,4279.32,1309.73,0.11,21
C10007,8661.76,0.92,3885.79,46.35,822.83,4237.74,0.06,0.0,0.13,0.17,0,12,8779.85,3996.28,879.08,0.08,10
C10008,6011.15,0.62,336.18,2025.32,1362.6,909.09,0.5,0.12,0.35,0.15,0,16,7786.38,774.34,1307.71,0.39,33
C10009,7080.73,0.74,2442.98,164.99,122.79,2151.73,0.2,0.1,0.02,0.17,0,16,12690.42,1817.37,115.04,0.35,8
C10010,205.84,0.61,177.73,1651.09,79.0,827.5,0.64,0.13,0.42,0.09,0,20,14103.64,864.21,368.74,0.09,17
C10011,9699.1,0.99,322.64,870.02,789.9,3533.02,0.65,0.4,0.22,0.11,0,18,14848.89,5073.54,1257.63,0.06,20
C10012,8324.43,0.97,4533.12,927.26,1397.36,2676.74,0.78,0.14,0.32,0.03,0,19,6551.55,4506.73,1286.32,0.42,21
C10013,2123.39,0.52,704.83,1065.35,394.94,3176.62,0.4,0.1,0.11,0.02,1,12,14872.84,1289.01,1550.53,0.39,18
C10014,1818.25,0.85,2666.78,1867.66,1286.59,982.43,0.36,0.25,0.34,0.08,1,17,3182.97,2113.72,811.97,0.16,12
C10015,1834.05,0.96,2061.37,1008.81,527.06,1058.73,0.6,0.43,0.39,0.02,3,18,4549.7,5803.03,1447.88,0.33,20
C10016,3042.42,0.59,1743.24,2200.77,1773.31,207.49,0.11,0.12,0.24,0.03,0,19,2246.23,3605.54,1371.12,0.06,8
C10017,5247.56,0.78,4500.17,1219.54,1792.42,1610.34,0.44,0.04,0.31,0.24,4,10,4804.34,4826.82,1927.15,0.25,17
C10018,4319.45,0.96,118.9,214.38,601.6,2798.72,0.44,0.18,0.23,0.01,1,16,11751.13,1661.09,438.11,0.01,13
C10019,2912.29,0.52,3322.31,2353.44,467.69,4289.67,0.07,0.37,0.45,0.2,1,22,12940.94,1339.31,1107.84,0.2,30
C10020,6118.53,0.85,4817.34,864.42,828.49,3334.64,0.33,0.28,0.25,0.08,1,20,11904.5,4725.11,1207.51,0.04,34
C10021,1394.94,0.65,2805.24,1303.97,488.66,2176.98,0.68,0.41,0.42,0.26,0,15,9834.92,4146.65,1997.31,0.24,17
C10022,2921.45,0.96,4684.74,2059.48,1348.04,4765.6,0.68,0.48,0.4,0.15,2,14,8195.53,4117.77,410.36,0.21,23
C10023,3663.62,0.99,270.77,1004.04,1653.87,3596.23,0.08,0.4,0.21,0.09,0,11,10921.86,3360.54,1051.2,0.22,8
C10024,4560.7,0.97,2099.78,179.19,1349.45,4650.83,0.07,0.3,0.12,0.16,0,16,6471.67,3425.11,698.91,0.02,17
C10025,7851.76,0.74,1308.19,1128.02,1650.46,2637.94,0.21,0.25,0.2,0.11,3,7,12778.32,4440.62,1056.53,0.18,34
C10026,1996.74,0.93,3656.8,2833.9,800.01,1294.52,0.7,0.02,0.41,0.17,2,8,10480.66,1693.01,471.94,0.38,28
C10027,5142.34,0.92,4906.67,1928.79,321.07,264.13,0.1,0.49,0.11,0.03,1,16,10769.27,2181.33,104.75,0.18,26
C10028,5924.15,0.66,1290.09,2017.72,1478.52,3630.42,0.58,0.19,0.26,0.3,2,16,,5242.66,1149.41,0.36,31
C10029,464.5,0.91,3274.33,1900.52,727.34,606.51,0.08,0.08,0.4,0.13,0,12,13393.21,1922.3,678.35,0.18,28
C10030,6075.45,0.52,998.51,604.99,1345.83,1513.88,0.5,0.33,0.18,0.1,0,16,4528.21,3323.23,372.06,0.21,7
C10031,1705.24,0.8,2831.0,1260.82,548.58,2662.35,0.28,0.14,0.32,0.21,1,11,6336.07,4245.57,654.63,0.28,19
C10032,650.52,0.62,2325.02,2255.31,171.65,2822.08,0.63,0.29,0.12,0.11,0,18,11887.0,5999.56,108.07,0.48,19
C10033,9488.86,0.56,4860.31,313.1,1985.24,3002.92,0.19,0.29,0.05,0.25,2,14,7898.48,2668.22,1901.38,0.05,9
C10034,9656.32,0.54,3046.55,840.78,320.84,831.28,0.51,0.22,0.4,0.14,3,13,13449.0,2625.75,1166.48,0.02,22
C10035,8083.97,0.85,1754.04,836.19,1976.96,1898.69,0.19,0.42,0.05,0.22,1,18,5849.59,5071.27,1631.39,0.3,20
C10036,3046.14,0.67,579.34,1301.74,1954.79,3085.97,0.57,0.13,0.14,0.03,1,14,6170.62,4852.47,852.01,0.47,21
C10037,976.72,0.86,764.72,2941.3,1589.7,4849.09,0.7,0.22,0.43,0.25,0,12,13442.3,4413.35,1807.6,0.49,10
C10038,6842.33,0.53,1134.33,211.83,1322.25,3638.16,0.1,0.27,0.17,0.22,1,15,7501.18,2833.05,971.8,0.24,29
C10039,4401.52,0.66,1262.32,1560.92,1159.84,4613.02,0.69,0.33,0.49,0.06,2,13,8225.74,2011.24,1152.15,0.23,22
C10040,1220.38,0.77,4254.57,546.3,1733.54,3811.06,0.47,0.39,0.49,0.04,1,13,5658.69,3691.51,988.67,0.32,28
C10041,4951.77,0.9,2810.5,2912.32,585.98,2958.58,0.1,0.2,0.13,0.09,0,17,4873.38,5269.72,1469.22,0.28,12
C10042,343.89,0.66,2621.72,348.78,940.69,960.12,0.34,0.32,0.02,0.29,2,16,10183.28,5314.29,1137.65,0.32,28
C10043,9093.2,0.81,582.7,1216.77,1242.59,3333.43,0.13,0.08,0.35,0.08,1,12,2677.77,740.14,550.48,0.44,20
C10044,2587.8,0.94,4302.1,2216.28,828.27,3116.9,0.56,0.47,0.23,0.14,0,9,13309.82,2627.27,299.62,0.37,22
C10045,6625.22,0.81,3616.84,2116.62,860.7,3012.35,0.61,0.19,0.05,0.01,0,18,11908.84,2841.86,1216.19,0.25,17
C10046,3117.11,0.62,347.67,1273.96,667.27,2448.93,0.08,0.36,0.35,0.12,1,17,3670.48,5867.93,983.47,0.23,16
C10047,5200.68,0.51,3542.1,1046.11,1132.82,2643.28,0.4,0.01,0.02,0.17,1,15,10716.28,4100.19,,0.32,24
C10048,5467.1,0.94,2722.26,1198.86,1702.64,1672.21,0.65,0.1,0.44,0.29,2,3,9436.86,2502.75,797.28,0.23,16
C10049,1848.54,0.51,417.81,800.19,411.04,2596.56,0.75,0.24,0.07,0.16,0,10,3583.49,253.74,1034.41,0.23,7
C10050,9695.85,0.94,2296.92,623.95,1869.52,987.78,0.41,0.44,0.06,0.25,3,14,4824.85,3435.77,1655.52,0.01,20
C10051,7751.33,0.76,2428.63,1454.29,1381.28,4025.87,0.76,0.26,0.09,0.16,1,10,6725.81,666.85,161.44,0.09,10
C10052,9394.99,0.97,837.21,812.92,1648.31,928.88,0.43,0.46,0.48,0.01,0,16,10789.4,5023.25,703.51,0.24,23
C10053,8948.27,0.9,4729.03,869.51,1116.82,424.83,0.32,0.24,0.35,0.09,1,14,9942.13,4539.86,1647.09,0.41,34
C10054,5979.0,1.0,4251.38,1973.7,1561.24,2181.23,0.68,0.25,0.4,0.17,0,13,8451.29,2817.0,,0.14,35
C10055,9218.74,0.68,3348.42,2905.93,42.24,3291.54,0.39,0.06,0.2,0.29,0,15,11757.75,2632.34,587.02,0.26,26
C10056,884.93,0.88,2316.85,1814.88,1638.58,2188.58,0.38,0.4,0.17,0.26,0,13,11611.13,5394.3,1692.22,0.17,26
C10057,1959.83,0.7,2064.71,240.17,89.88,1383.77,0.39,0.12,0.12,0.07,1,16,9650.03,1801.9,991.65,0.05,21
C10058,452.27,0.74,3258.36,236.0,1780.93,2790.86,0.68,0.45,0.24,0.07,0,13,12017.86,1569.22,1001.72,0.48,9
C10059,3253.3,0.81,2731.71,2854.76,1984.01,1735.01,0.67,0.46,0.28,0.06,0,17,5679.69,5641.26,1953.41,0.43,32
C10060,3886.77,0.94,320.74,898.9,595.19,4664.34,0.32,0.47,0.32,0.28,0,15,13337.49,4874.55,1894.76,0.04,28
C10061,2713.49,0.99,2567.39,285.28,428.53,4613.23,0.27,0.26,0.13,0.26,1,16,9608.74,4941.69,723.48,0.36,15
C10062,8287.38,0.88,4033.95,1801.14,1533.07,2511.86,0.39,0.34,0.47,0.23,1,8,12513.09,1251.64,289.75,0.17,27
C10063,3567.53,0.71,2301.61,1874.71,513.52,1639.42,0.46,0.39,0.08,0.12,0,17,8647.91,945.45,658.08,0.5,7
C10064,2809.35,0.71,269.26,1949.03,1732.47,3685.66,0.19,0.07,0.48,0.15,2,15,4058.14,253.57,70.66,0.15,20
C10065,5426.96,0.87,3933.53,809.53,214.66,183.56,0.64,0.3,0.01,0.14,2,16,8593.74,1498.54,51.33,0.12,9
C10066,1409.24,0.62,1014.81,55.18,260.65,2373.85,0.39,0.02,0.24,0.08,3,23,6195.56,4667.72,,0.28,34
C10067,8021.97,0.56,1300.52,2895.4,1958.51,1681.62,0.27,0.25,0.17,0.15,1,13,10764.99,1516.23,1882.63,0.42,21
C10068,745.51,0.68,831.88,760.17,1350.94,4602.68,0.09,0.08,0.22,0.01,0,19,7661.11,4401.71,1744.0,0.1,35
C10069,9868.87,0.64,1657.77,2031.32,1695.31,60.02,0.19,0.09,0.29,0.04,0,12,12705.58,1586.26,1027.77,0.35,32
C10070,7722.45,0.65,3786.19,2122.82,655.42,2764.07,0.76,0.18,0.22,0.27,0,13,10493.02,2432.23,1134.8,0.03,12
C10071,1987.16,0.62,2601.74,1833.92,1356.2,3703.32,0.24,0.22,0.21,0.23,2,10,10583.62,5900.66,21.81,0.46,30
C10072,55.22,0.52,1032.36,945.59,1192.54,2425.09,0.14,0.31,0.37,0.13,0,8,4040.17,1544.39,438.85,0.04,30
C10073,8154.61,0.51,4390.37,820.58,1210.27,427.02,0.37,0.04,0.34,0.16,2,21,14779.5,2320.59,59.3,0.46,17
C10074,7068.57,0.99,4399.11,1797.03,1368.24,4862.31,0.25,0.25,0.42,0.11,3,13,12783.45,1876.41,1511.53,0.25,8
C10075,7290.07,0.71,4354.19,2599.63,1154.96,2590.05,0.03,0.09,0.12,0.22,1,16,12046.07,746.79,299.84,0.22,22
C10076,7712.7,0.69,1201.59,2840.73,863.83,3070.93,0.26,0.29,0.3,0.24,1,17,5623.01,2990.38,1739.4,0.49,14
C10077,740.45,0.84,2261.68,326.66,559.09,1183.05,0.44,0.32,0.29,0.23,0,15,8498.84,2334.27,1290.22,0.5,13
C10078,3584.66,0.61,4925.1,472.94,1539.48,2417.49,0.44,0.28,0.18,0.22,0,9,,4199.83,466.54,0.33,28
C10079,1158.69,0.97,3862.34,2834.76,460.28,2145.75,0.29,0.37,0.24,0.06,1,8,8538.66,4923.81,323.86,0.06,11
C10080,8631.03,0.89,145.57,2212.24,1387.79,374.48,0.36,0.17,0.16,0.1,0,11,,3311.07,1258.97,0.25,35
C10081,6232.98,0.54,335.37,2650.15,474.33,530.8,0.77,0.38,0.07,0.14,0,19,8742.53,289.96,1802.67,0.26,20
C10082,3308.98,0.71,2325.02,615.87,1254.41,4187.36,0.3,0.22,0.11,0.1,3,13,10082.11,3751.64,1439.54,0.26,15
C10083,635.58,0.94,4547.01,1766.88,1496.69,1199.1,0.21,0.24,0.05,0.23,1,16,6462.74,426.81,703.61,0.28,28
C10084,3109.82,0.97,2698.12,2106.41,445.24,974.79,0.19,0.32,0.34,0.1,1,9,7979.63,3736.5,1178.89,0.01,32
C10085,3251.83,0.73,2494.08,2043.53,129.29,2524.56,0.37,0.01,0.33,0.04,1,9,13259.15,4141.68,628.42,0.36,30
C10086,7296.06,0.81,536.31,1230.37,270.64,3843.74,0.61,0.33,0.48,0.12,1,9,2519.88,1266.83,1998.31,0.36,11
C10087,6375.57,0.58,3287.33,56.03,1215.93,309.73,0.16,0.31,0.36,0.29,1,17,12084.26,4934.14,1500.19,0.06,20
C10088,8872.13,1.0,4112.29,1752.95,1700.4,2884.04,0.57,0.15,0.03,0.07,1,18,3390.56,5475.4,1232.62,0.29,35
C10089,4722.15,0.62,1908.3,766.77,99.54,596.05,0.02,0.04,0.44,0.18,0,19,1513.91,4897.21,852.29,0.28,19
C10090,1195.94,0.97,3880.3,1356.26,1470.96,182.31,0.34,0.05,0.43,0.13,0,13,3598.04,1900.14,1240.12,0.34,31
C10091,7132.45,0.82,4822.74,2873.17,689.22,263.72,0.62,0.46,0.22,0.02,1,15,11710.6,3561.19,689.82,0.04,24
C10092,7607.85,0.8,1026.79,1203.12,962.27,4170.82,0.27,0.34,0.29,0.15,2,18,,5497.41,67.44,0.31,18
C10093,5612.77,0.76,2621.41,2521.01,1858.43,589.86,0.45,0.06,0.49,0.21,1,18,13215.29,1991.92,796.23,0.14,19
C10094,7709.67,0.62,1442.82,573.74,670.62,225.76,0.16,0.18,0.27,0.15,1,16,8345.91,4938.16,1861.66,0.25,8
C10095,4937.96,0.59,3966.34,2020.66,936.02,2189.5,0.59,0.3,0.45,0.26,2,22,1311.5,155.9,1256.34,0.39,9
C10096,5227.33,0.61,2892.19,2931.25,37.23,4219.97,0.04,0.42,0.04,0.09,0,22,11033.99,121.52,,0.35,31
C10097,4275.41,0.59,3176.57,314.66,172.38,1312.04,0.68,0.02,0.1,0.03,0,13,2543.26,4582.3,1771.14,0.06,34
C10098,254.19,0.89,3991.59,34.88,524.6,2108.56,0.16,0.12,0.22,0.28,1,18,12051.31,4592.54,545.06,0.3,19
C10099,1078.91,0.68,1985.89,1306.41,65.43,199.61,0.7,0.44,0.29,0.11,0,17,3353.44,4754.97,495.1,0.48,19
C10100,314.29,0.53,4576.3,286.95,1266.44,2245.39,0.28,0.0,0.41,0.17,1,11,5836.25,5587.16,601.21,0.08,31
C10101,6364.1,0.98,2669.81,2247.67,858.53,2888.07,0.58,0.1,0.49,0.24,3,12,11657.8,795.65,1158.63,0.43,13
C10102,3143.56,0.94,798.19,2744.5,1100.81,2854.54,0.26,0.48,0.19,0.1,0,18,14359.24,1468.71,1093.93,0.35,15
C10103,5085.71,0.96,3482.54,1307.72,357.55,1662.13,0.72,0.31,0.02,0.21,1,8,6200.08,5431.98,987.91,0.39,14
C10104,9075.66,1.0,3968.37,783.55,598.9,1577.67,0.1,0.13,0.4,0.04,0,14,12611.6,1145.69,1437.9,0.14,19
C10105,2492.92,0.59,1590.64,1308.87,1331.01,533.12,0.14,0.03,0.3,0.09,0,12,3671.09,4125.15,639.91,0.14,13
C10106,4103.83,0.7,4287.32,2173.11,1930.95,1833.99,0.39,0.01,0.1,0.04,0,15,12300.52,3229.73,1566.31,0.45,16
C10107,7555.51,0.88,4531.65,37.07,110.33,497.47,0.07,0.12,0.25,0.24,0,9,10204.92,590.84,358.89,0.18,15
C10108,2287.98,0.85,1391.75,1772.47,1781.86,3832.98,0.16,0.44,0.37,0.07,1,23,3698.41,1783.06,1567.42,0.03,23
C10109,769.8,0.58,4917.77,1843.74,1157.99,4831.37,0.76,0.21,0.39,0.22,0,13,5235.06,3170.2,1330.98,0.3,9
C10110,2897.51,0.91,712.15,1916.69,1132.2,4850.37,0.78,0.36,0.25,0.28,2,21,2844.79,5128.87,1369.58,0.06,9
C10111,1612.21,0.61,1018.06,733.65,1005.55,4325.36,0.3,0.46,0.15,0.16,0,11,6361.54,4274.48,968.29,0.4,17
C10112,9296.98,0.61,929.28,2145.02,148.09,3003.96,0.74,0.2,0.49,0.16,3,16,3851.08,3769.11,1337.33,0.32,23
C10113,8081.2,0.77,4471.01,283.26,188.85,3504.33,0.44,0.1,0.33,0.14,0,13,10015.97,3026.59,168.8,0.44,34
C10114,6334.04,0.8,3274.92,605.82,1205.81,1426.03,0.22,0.26,0.2,0.1,1,17,,1862.24,1704.59,0.39,13
C10115,8714.61,0.79,769.0,2633.64,688.51,3153.85,0.56,0.45,0.14,0.14,3,14,1168.13,803.54,120.54,0.06,8
C10116,8036.72,0.55,2207.21,2218.78,1835.36,2278.25,0.53,0.4,0.37,0.18,0,10,8572.88,2513.55,306.0,0.19,23
C10117,1865.7,0.94,3080.34,51.1,819.12,2410.09,0.79,0.03,0.12,0.3,2,11,9031.33,268.26,1157.81,0.39,12
C10118,8925.59,0.63,426.49,752.65,295.13,3788.88,0.21,0.35,0.09,0.28,0,19,13798.92,1345.23,1481.43,0.21,6
C10119,5393.42,0.56,4413.26,651.08,1432.29,1409.59,0.54,0.29,0.26,0.26,0,21,8084.07,2651.65,161.74,0.49,27
C10120,8074.4,0.94,4019.98,819.71,593.77,1590.2,0.04,0.45,0.14,0.27,1,13,8611.82,2569.77,1842.32,0.37,18
C10121,8960.91,0.98,2530.98,750.2,1055.69,4623.21,0.09,0.06,0.31,0.14,2,11,7603.14,361.34,,0.01,34
C10122,3180.03,0.93,4835.96,196.95,1398.69,281.12,0.0,0.27,0.06,0.2,2,19,4764.66,3575.45,1215.84,0.44,8
C10123,1100.52,0.9,2094.63,1382.23,1801.53,2428.17,0.8,0.44,0.33,0.27,1,17,1784.41,3343.14,967.67,0.05,34
C10124,2279.35,0.83,4920.71,2200.87,1586.46,4564.0,0.64,0.21,0.14,0.12,1,13,6721.21,560.82,1485.38,0.07,8
C10125,4271.08,0.78,3342.92,1824.13,1355.96,3051.82,0.63,0.24,0.0,0.29,1,15,1736.28,5664.66,663.43,0.37,20
C10126,8180.15,0.54,3177.01,2021.89,1362.47,2732.04,0.41,0.04,0.06,0.12,0,7,8706.89,686.36,991.6,0.43,26
C10127,8607.31,0.7,838.11,252.64,1892.39,1248.72,0.24,0.14,0.47,0.18,1,12,5302.11,5143.52,1833.14,0.27,35
C10128,69.52,0.69,4410.82,2854.96,598.69,1716.38,0.12,0.16,0.43,0.21,2,15,8470.43,101.83,1911.75,0.14,24
C10129,5107.47,0.63,2143.17,2517.09,12.21,4260.24,0.23,0.47,0.12,0.29,1,10,2880.16,5305.46,1854.87,0.18,33
C10130,4174.11,0.86,819.54,2417.22,551.19,2796.09,0.3,0.14,0.39,0.07,0,18,14056.82,216.35,532.27,0.17,9
C10131,2221.08,0.75,72.91,2470.72,443.6,2573.71,0.61,0.23,0.3,0.22,2,17,13523.3,4571.09,472.61,0.16,18
C10132,1198.65,0.54,2803.18,2798.8,1327.05,497.9,0.43,0.34,0.49,0.16,1,16,3659.95,2233.98,602.35,0.12,18
C10133,3376.15,0.61,2641.72,1637.32,1271.09,80.14,0.06,0.08,0.19,0.08,1,19,5808.22,4455.48,888.21,0.3,20
C10134,9429.1,0.84,3599.57,608.84,1190.99,4818.43,0.01,0.24,0.34,0.23,2,12,9588.9,2470.3,635.19,0.45,24
C10135,3232.03,0.54,4452.39,1854.18,42.32,1884.93,0.08,0.37,0.03,0.17,2,13,2339.61,518.36,754.68,0.15,21
C10136,5187.91,0.93,406.24,2231.22,1460.27,3016.07,0.33,0.43,0.2,0.2,1,21,5963.95,4628.29,1245.07,0.09,12
C10137,7030.19,0.75,3660.17,2216.37,653.83,398.58,0.75,0.31,0.48,0.1,0,15,4515.57,520.39,1527.43,0.42,8
C10138,3636.3,0.74,945.19,1569.13,1333.46,3415.57,0.51,0.33,0.27,0.14,1,13,13817.23,5540.51,1473.76,0.37,35
C10139,9717.82,0.8,4292.3,214.69,1117.59,4662.83,0.64,0.06,0.14,0.19,2,15,12935.15,400.75,1630.7,0.47,31
C10140,9624.47,0.91,4097.13,1119.63,692.03,2878.33,0.37,0.47,0.06,0.12,2,14,9117.66,2928.02,74.05,0.08,25
C10141,2517.82,0.67,2708.56,2763.09,277.81,630.58,0.29,0.07,0.35,0.06,1,18,8284.85,4365.9,104.99,0.07,7
C10142,4972.49,0.84,3554.11,1757.5,197.89,2908.61,0.09,0.39,0.32,0.29,1,24,14030.16,2420.15,1580.87,0.27,23
C10143,3008.78,0.78,1578.61,1619.61,1664.72,3831.74,0.7,0.13,0.19,0.15,1,19,14053.99,1381.68,1070.83,0.31,30
C10144,2848.4,0.63,2361.13,813.87,1837.61,2032.08,0.63,0.47,0.48,0.22,1,16,14570.62,4578.64,1160.5,0.24,16
C10145,368.87,0.94,4109.97,1111.66,1303.08,4399.19,0.13,0.36,0.01,0.12,0,15,2755.3,4727.34,114.65,0.3,6
C10146,6095.64,0.9,2301.73,2687.08,215.83,3243.41,0.41,0.38,0.15,0.11,1,18,3247.81,5543.9,518.07,0.09,21
C10147,5026.79,0.83,1795.41,2002.72,810.03,4496.24,0.39,0.11,0.46,0.12,1,14,10474.31,2319.37,1280.33,0.24,22
C10148,514.79,0.93,2476.12,2364.29,1460.59,3117.53,0.5,0.22,0.16,0.12,1,6,8580.08,3086.89,1719.77,0.33,21
C10149,2786.46,0.93,4142.96,1368.49,1561.84,656.44,0.76,0.31,0.13,0.16,0,10,1258.52,2242.46,1834.8,0.22,15
C10150,9082.66,0.85,1682.69,1894.44,245.26,1548.46,0.46,0.38,0.27,0.16,1,9,1867.65,1616.78,1005.83,0.34,22
C10151,2395.62,0.92,877.07,752.67,10.06,1008.97,0.43,0.05,0.41,0.15,2,18,13433.13,4531.09,1095.49,0.23,35
C10152,1448.95,0.85,3562.95,2119.33,1427.15,4544.13,0.04,0.48,0.05,0.04,0,10,13164.19,2103.95,1667.77,0.17,8
C10153,4894.53,0.84,4131.63,1288.53,719.63,3802.0,0.05,0.45,0.47,0.15,3,17,6001.79,2626.08,1079.87,0.15,23
C10154,9856.5,0.81,512.18,1333.21,516.42,3381.99,0.15,0.14,0.4,0.05,1,14,13474.71,2481.67,,0.21,24
C10155,2420.55,0.88,1206.97,1951.47,35.67,1504.83,0.03,0.41,0.09,0.04,2,12,,4304.7,1811.12,0.01,19
C10156,6721.36,0.58,718.44,2809.48,1085.2,920.22,0.59,0.26,0.36,0.28,1,20,12282.68,5514.99,1581.97,0.33,26
C10157,7616.2,0.94,1746.23,201.38,1703.79,3782.26,0.58,0.23,0.19,0.18,1,15,6984.03,4033.86,1819.05,0.42,30
C10158,2376.38,0.94,2257.25,2475.98,1915.69,2370.79,0.11,0.16,0.2,0.2,1,11,2587.58,2882.34,444.31,0.18,7
C10159,7282.16,0.51,3746.64,884.23,1135.83,1128.95,0.67,0.29,0.39,0.12,2,19,7072.18,4697.31,1053.51,0.02,17
C10160,3677.83,0.91,3259.23,1337.32,1033.78,3083.11,0.12,0.36,0.48,0.27,0,21,7402.2,3881.73,1686.52,0.49,16
C10161,6323.06,0.56,3108.43,75.52,179.26,201.67,0.24,0.21,0.06,0.19,1,10,8713.22,457.6,231.18,0.13,35
C10162,6335.3,0.67,1768.35,910.13,1102.26,1630.85,0.2,0.31,0.21,0.23,1,17,2478.16,664.42,1591.38,0.06,22
C10163,5357.75,0.87,4208.82,1512.87,766.16,2342.78,0.3,0.35,0.24,0.11,1,20,14879.63,323.71,374.12,0.18,32
C10164,902.9,0.58,2361.72,177.97,1218.2,739.79,0.2,0.36,0.19,0.29,0,13,4417.92,2795.22,1618.16,0.37,11
C10165,8353.02,0.91,4895.73,1478.38,783.57,4923.27,0.39,0.03,0.18,0.25,0,11,3779.73,4972.54,1227.88,0.15,24
C10166,3207.8,0.92,3174.37,2782.06,488.2,1045.49,0.33,0.43,0.03,0.26,1,14,8375.24,1947.19,394.54,0.29,18
C10167,1865.19,0.75,640.06,325.13,198.98,651.77,0.79,0.23,0.34,0.05,2,11,8520.91,2366.55,951.97,0.21,12
C10168,407.75,0.5,3384.13,2295.68,636.69,1017.67,0.04,0.13,0.22,0.08,1,12,7157.49,5465.91,1366.99,0.06,27
C10169,5908.93,0.64,1632.27,1234.92,202.32,3845.31,0.11,0.12,0.1,0.09,1,11,11806.49,5037.73,1271.37,0.17,16
C10170,6775.64,0.81,3434.77,1968.97,362.02,2127.53,0.04,0.24,0.41,0.08,1,16,8233.16,4023.78,860.22,0.36,12
C10171,165.88,0.99,357.51,788.11,1974.8,2827.08,0.5,0.44,0.4,0.26,1,17,9535.74,1674.14,1799.74,0.31,18
C10172,5120.93,0.82,882.66,486.88,893.77,105.05,0.04,0.19,0.24,0.01,1,12,11132.45,790.54,1043.33,0.06,18
C10173,2264.96,0.63,4280.13,489.78,1068.42,172.16,0.67,0.37,0.15,0.02,1,17,1350.35,194.75,1016.68,0.08,26
C10174,6451.73,0.82,1143.63,220.77,1748.5,2229.13,0.41,0.05,0.32,0.08,2,11,8989.02,731.36,133.88,0.32,6
C10175,1743.66,0.77,4186.84,565.08,1991.18,4083.28,0.42,0.24,0.14,0.06,2,12,13378.72,1826.32,1845.02,0.41,35
C10176,6909.38,0.89,1403.59,1996.02,1169.6,4426.19,0.45,0.5,0.12,0.07,1,11,1243.44,3355.56,362.46,0.17,24
C10177,3867.35,0.55,3217.98,2646.25,1626.82,433.53,0.14,0.39,0.37,0.24,1,18,6672.55,477.6,1061.41,0.3,24
C10178,9367.3,0.88,3473.81,2444.24,660.61,2691.82,0.16,0.11,0.02,0.17,1,14,13967.18,903.74,1609.1,0.09,28
C10179,1375.21,0.77,2568.15,2058.55,618.43,4566.15,0.26,0.25,0.05,0.0,0,19,5944.16,1168.38,438.75,0.16,20
C10180,3410.66,0.98,1533.5,340.19,811.38,1939.86,0.47,0.12,0.0,0.13,1,13,7422.2,3828.69,,0.01,19
C10181,1134.74,0.67,1071.1,874.67,1348.29,4147.83,0.17,0.2,0.08,0.12,0,17,14741.58,3733.16,488.96,0.38,34
C10182,9246.94,0.82,175.61,936.32,1367.56,668.48,0.09,0.39,0.03,0.03,5,19,3790.53,3349.52,1521.79,0.2,8
C10183,8773.39,0.97,1526.69,757.37,637.33,4676.97,0.78,0.39,0.5,0.2,1,11,1913.57,1577.96,1133.04,0.41,32
C10184,2579.42,0.55,3269.28,1549.87,275.09,3757.12,0.02,0.11,0.14,0.21,0,10,13031.92,2289.61,1713.39,0.35,26
C10185,6599.84,0.97,4692.14,1611.31,1268.47,4706.67,0.64,0.46,0.07,0.22,1,19,13158.51,670.47,,0.41,25
C10186,8172.22,0.84,4357.31,1077.09,265.37,3383.09,0.63,0.3,0.12,0.22,0,14,7609.09,1436.12,1300.98,0.14,9
C10187,5552.01,0.53,3832.66,1067.83,1161.2,1817.02,0.24,0.19,0.47,0.0,2,17,8198.9,5396.46,1453.53,0.09,34
C10188,5296.51,0.65,3944.35,2487.38,1389.91,4690.91,0.11,0.25,0.26,0.29,2,16,12701.29,5880.18,1102.95,0.49,12
C10189,2418.52,0.85,3328.27,2369.99,1404.22,1377.83,0.12,0.3,0.18,0.24,2,11,11339.83,3921.19,775.01,0.36,6
C10190,931.03,0.53,1308.83,930.31,1509.41,1660.86,0.56,0.28,0.44,0.27,2,7,4712.09,5509.26,1299.75,0.42,28
C10191,8972.16,0.79,4536.9,2742.23,1746.99,3504.04,0.51,0.24,0.2,0.0,2,10,1236.51,3892.18,1817.49,0.01,29
C10192,9004.18,0.67,3356.95,2858.92,1004.92,3826.58,0.63,0.25,0.17,0.28,0,17,7715.8,295.86,839.19,0.18,24
C10193,6331.01,0.81,2806.6,986.96,1463.2,4647.02,0.75,0.09,0.1,0.24,4,12,13024.77,5980.9,635.68,0.37,8
C10194,3390.3,0.52,563.84,1069.73,1242.15,1024.01,0.55,0.41,0.19,0.25,1,8,,683.82,782.99,0.04,25
C10195,3492.1,0.94,2240.81,1521.85,381.41,3989.99,0.12,0.27,0.16,0.03,0,23,14387.17,4127.59,876.44,0.28,20
C10196,7259.56,0.99,2307.19,2823.95,61.12,3692.73,0.19,0.07,0.34,0.22,2,12,13313.89,1591.73,156.39,0.21,18
C10197,8971.1,0.98,4324.17,2630.2,576.24,318.97,0.67,0.38,0.14,0.29,1,16,9120.61,2412.69,1001.9,0.01,27
C10198,8870.86,0.87,2737.77,316.68,891.64,1936.12,0.17,0.47,0.29,0.2,0,15,7224.48,3911.01,993.69,0.12,19
C10199,7798.76,0.57,1908.2,1184.26,1238.04,1413.83,0.06,0.47,0.03,0.17,0,12,11847.9,2675.28,1181.0,0.14,12
C10200,6420.32,0.88,4884.23,1664.58,1701.42,1522.45,0.56,0.18,0.1,0.28,0,16,11357.5,1578.22,732.01,0.06,6
C10201,841.4,0.51,562.5,1514.37,400.53,4914.73,0.32,0.07,0.2,0.13,0,17,8534.01,2073.23,1230.08,0.32,18
C10202,1616.29,0.51,2118.52,589.65,259.84,3213.89,0.74,0.26,0.47,0.18,1,20,2222.58,2115.13,1757.65,0.12,9
C10203,8985.54,0.66,219.7,2577.86,1927.33,3588.38,0.52,0.06,0.19,0.14,0,18,13965.14,5760.01,1911.39,0.14,17
C10204,6064.29,0.74,3702.12,2034.05,225.01,4883.09,0.07,0.47,0.33,0.28,1,14,7378.44,4811.82,1171.39,0.45,12
C10205,91.97,0.89,4591.2,2515.35,962.2,1886.01,0.76,0.09,0.13,0.02,0,18,6086.67,2805.44,94.76,0.23,32
C10206,1014.72,0.84,1407.39,2577.71,1175.27,4009.2,0.21,0.13,0.06,0.15,2,16,9813.94,1278.94,1938.78,0.2,7
C10207,6635.02,0.72,4293.12,2247.58,1087.34,2172.65,0.27,0.2,0.03,0.21,0,9,10433.73,4885.0,1414.67,0.36,22
C10208,50.62,0.64,1468.17,1323.24,181.2,4347.67,0.32,0.19,0.15,0.24,3,16,3949.63,1027.38,678.57,0.45,6
C10209,1608.08,1.0,4554.74,1835.53,123.48,903.29,0.04,0.4,0.08,0.17,1,14,12717.14,1341.73,302.84,0.01,31
C10210,5487.34,0.71,3772.27,489.49,219.91,4738.43,0.4,0.23,0.09,0.27,0,11,,2259.48,295.4,0.22,19
C10211,6918.95,0.73,4026.48,2024.2,1175.32,1093.86,0.1,0.09,0.38,0.28,1,11,3613.57,5294.05,343.81,0.31,35
C10212,6519.61,0.58,99.85,545.97,1093.25,1631.1,0.32,0.13,0.01,0.02,0,23,6689.6,877.54,100.69,0.16,27
C10213,2242.69,0.9,4814.42,2084.91,475.14,3780.96,0.28,0.25,0.28,0.12,2,20,11227.84,821.18,1805.29,0.39,33
C10214,7121.79,0.85,3636.09,696.5,1279.17,1968.78,0.62,0.07,0.19,0.01,1,14,14516.41,3014.45,1086.13,0.49,26
C10215,2372.49,0.61,1530.71,361.48,1641.93,3041.06,0.64,0.31,0.25,0.1,1,8,12329.94,1730.82,1402.92,0.47,6
C10216,3254.0,0.54,4148.68,504.2,92.74,2222.87,0.12,0.28,0.28,0.16,0,17,14164.88,3455.49,1657.94,0.13,31
C10217,7464.91,0.84,1414.79,15.96,1001.28,3711.85,0.29,0.36,0.16,0.27,1,16,2968.48,2764.66,,0.11,8
C10218,6496.33,0.83,4365.04,2159.03,1381.73,1141.66,0.3,0.47,0.15,0.25,1,12,1996.48,2666.26,1766.39,0.48,16
C10219,8492.23,0.64,571.78,2199.88,512.1,292.29,0.12,0.46,0.37,0.04,0,15,8807.87,760.64,1934.84,0.23,12
C10220,6576.13,0.98,3521.39,1549.65,622.46,1499.65,0.64,0.47,0.44,0.03,1,19,5064.16,932.19,883.75,0.1,33
C10221,5683.09,0.58,2708.09,492.47,1231.14,2371.54,0.57,0.12,0.1,0.18,0,16,12592.77,4944.36,1901.17,0.35,30
C10222,936.75,0.72,491.71,259.83,1796.89,840.1,0.15,0.07,0.05,0.16,4,12,10407.83,5326.71,1449.35,0.14,34
C10223,3677.16,0.97,1217.05,67.2,1621.75,1773.99,0.29,0.15,0.45,0.08,1,12,14590.19,1484.63,150.63,0.13,14
C10224,2652.02,0.71,71.9,505.59,1170.43,1999.92,0.08,0.45,0.17,0.27,1,21,4567.09,769.42,1366.75,0.44,27
C10225,2439.9,0.82,2349.15,2673.66,1463.14,286.96,0.5,0.49,0.28,0.28,6,8,7800.98,415.16,1376.57,0.08,8
C10226,9730.11,0.7,1513.31,732.2,736.0,2916.54,0.1,0.43,0.18,0.12,0,10,8017.37,3688.96,1812.66,0.03,6
C10227,3930.98,0.64,2995.8,1069.27,1285.52,4421.72,0.79,0.06,0.06,0.27,1,23,4348.48,4320.58,752.13,0.13,24
C10228,8920.47,0.99,1493.22,324.98,937.7,758.71,0.62,0.47,0.29,0.12,1,13,9261.31,2299.58,1173.97,0.3,31
C10229,6311.39,0.7,1506.6,674.86,387.97,2989.04,0.31,0.21,0.26,0.22,3,13,7206.0,4110.09,34.25,0.06,7
C10230,7948.11,0.95,3718.53,1562.48,1406.46,3323.7,0.46,0.0,0.1,0.14,1,16,7254.1,4306.46,670.83,0.24,32
C10231,5026.37,0.61,250.23,1827.18,1117.36,2096.67,0.73,0.22,0.23,0.04,0,15,6078.31,5618.52,133.87,0.31,26
C10232,5769.04,0.61,4515.45,743.6,723.66,3505.49,0.44,0.02,0.4,0.28,2,18,1237.01,482.75,1048.53,0.42,29
C10233,4925.18,0.52,4262.8,182.62,1823.56,2053.66,0.14,0.27,0.3,0.14,2,14,8309.33,1234.52,1636.72,0.11,10
C10234,1952.43,0.83,3342.35,1179.19,51.66,2523.19,0.3,0.17,0.05,0.22,1,14,5693.47,504.3,420.82,0.41,22
C10235,7224.52,0.68,2970.18,710.27,638.39,36.77,0.67,0.24,0.27,0.11,0,13,1018.48,5221.16,,0.12,24
C10236,2807.72,0.93,4462.59,666.47,123.19,3458.6,0.52,0.31,0.35,0.01,0,11,5311.21,4776.26,415.98,0.34,33
C10237,243.16,0.74,934.8,2879.99,1535.39,3306.71,0.52,0.43,0.4,0.03,1,14,4900.8,3490.39,250.17,0.22,10
C10238,6454.72,0.98,404.06,1852.74,1407.19,192.0,0.69,0.33,0.31,0.15,0,12,6508.27,593.61,1026.88,0.06,28
C10239,1771.11,0.59,1205.16,1675.07,669.39,1841.25,0.72,0.22,0.08,0.21,2,12,2845.93,1712.54,,0.36,26
C10240,9404.59,0.93,3974.95,1253.17,1354.57,4895.16,0.74,0.41,0.36,0.1,0,18,,1856.55,1178.84,0.11,19
C10241,9539.29,0.89,183.0,1292.54,797.92,2103.68,0.08,0.45,0.34,0.21,1,15,10694.16,3408.38,72.36,0.09,15
C10242,9148.64,0.89,2918.21,1627.31,1514.95,2509.73,0.44,0.06,0.01,0.21,2,12,9822.6,1622.46,222.36,0.18,26
C10243,3701.59,0.92,4977.23,2092.33,913.83,4549.65,0.59,0.27,0.21,0.21,0,17,12252.57,530.46,1104.49,0.33,12
C10244,154.57,0.88,4279.92,2109.42,830.44,3586.31,0.61,0.14,0.17,0.15,0,14,,4411.5,1186.9,0.12,34
C10245,9283.19,0.81,2612.01,523.36,1870.11,2910.35,0.49,0.02,0.33,0.27,0,19,,1864.57,67.68,0.09,13
C10246,4281.84,0.57,327.57,1505.34,509.25,3989.02,0.13,0.33,0.11,0.15,0,13,12345.63,2769.01,1151.02,0.0,35
C10247,9666.55,0.52,4158.55,1241.75,249.69,4321.83,0.64,0.43,0.3,0.14,1,8,6987.82,853.23,1678.62,0.24,13
C10248,9636.2,0.96,2998.9,2612.88,1173.24,2284.44,0.58,0.08,0.46,0.06,1,16,10822.39,4835.03,1447.41,0.21,12
C10249,8530.09,0.81,583.52,1897.94,1938.95,2375.54,0.07,0.41,0.4,0.09,0,13,7084.43,3436.64,271.06,0.12,18
C10250,2944.49,0.9,478.35,1602.19,761.9,1930.25,0.37,0.43,0.46,0.01,0,12,6848.31,5419.36,1189.02,0.03,19
C10251,3850.98,0.74,4549.04,355.03,133.45,4833.53,0.14,0.46,0.49,0.19,0,18,,3023.28,1347.78,0.21,24
C10252,8511.37,0.56,3349.31,1820.86,685.22,3485.83,0.27,0.13,0.01,0.07,0,18,3447.72,5654.41,84.09,0.39,16
C10253,3169.22,0.56,4148.14,360.44,1016.8,416.12,0.01,0.45,0.31,0.09,1,14,5740.2,5362.02,1712.14,0.36,7
C10254,1694.93,0.84,4396.1,1018.25,332.23,4314.8,0.32,0.16,0.21,0.23,1,15,4138.41,3501.11,,0.43,22
C10255,5568.01,0.72,2863.14,437.1,1319.62,2402.8,0.44,0.28,0.43,0.1,1,17,6027.54,5609.97,1702.4,0.0,11
C10256,9361.55,0.6,2592.06,2079.3,1995.52,343.77,0.5,0.03,0.13,0.07,1,17,4225.25,2006.22,1651.02,0.48,34
C10257,6960.3,0.75,2157.83,626.69,908.96,2748.59,0.53,0.02,0.49,0.05,0,16,9111.68,2257.29,1492.48,0.17,14
C10258,5700.61,0.53,1591.56,1181.66,715.91,2085.82,0.67,0.36,0.31,0.23,1,15,12174.39,368.32,1270.53,0.5,24
C10259,971.76,0.79,2178.63,2688.07,807.4,4388.75,0.17,0.22,0.4,0.04,1,18,12012.58,3576.29,1360.47,0.13,10
C10260,6150.07,0.63,3871.66,620.91,239.14,1019.97,0.1,0.13,0.04,0.14,1,22,6103.01,4359.35,1614.73,0.24,14
C10261,9900.54,0.9,3013.6,1528.34,1767.71,4132.32,0.68,0.1,0.09,0.15,2,15,14842.65,4663.76,1328.37,0.18,35
C10262,1400.84,0.66,4463.69,1263.62,835.5,2788.44,0.13,0.33,0.38,0.21,1,18,9313.96,983.92,662.18,0.18,35
C10263,5183.3,0.73,2222.47,64.19,780.68,273.05,0.78,0.0,0.01,0.19,2,11,6591.6,2720.54,,0.42,30
C10264,8773.73,0.51,3039.38,2380.35,1322.78,4859.23,0.67,0.4,0.41,0.24,2,14,12697.55,1143.49,1795.14,0.37,12
C10265,7407.69,0.54,3160.22,216.45,889.65,2563.08,0.4,0.04,0.01,0.01,1,10,11218.24,4006.55,44.07,0.5,35
C10266,6970.16,0.7,2962.57,1428.02,1299.98,1454.38,0.79,0.1,0.33,0.09,3,17,,1031.88,1400.65,0.31,9
C10267,7024.84,0.74,3516.14,1686.43,132.28,2347.03,0.08,0.19,0.18,0.08,1,10,,5434.57,1910.01,0.23,32
C10268,3594.91,0.8,1194.79,1889.0,1629.31,4289.29,0.24,0.24,0.31,0.04,0,8,7556.54,1460.74,1415.39,0.05,23
C10269,2935.92,0.65,2566.7,2069.01,1881.6,1524.52,0.51,0.18,0.35,0.09,0,18,13065.59,1819.27,1987.88,0.5,23
C10270,8093.61,0.85,530.08,767.28,1301.04,963.38,0.28,0.16,0.17,0.09,1,16,8056.53,5120.35,1378.21,0.28,25
C10271,8101.13,0.93,1928.71,39.84,1909.59,645.36,0.74,0.48,0.05,0.16,0,16,10568.34,2804.96,78.38,0.35,22
C10272,8670.72,0.89,2443.46,2173.1,311.35,1489.3,0.05,0.32,0.03,0.2,2,11,9231.07,241.58,1655.75,0.2,35
C10273,9132.41,0.52,3264.6,1611.61,960.06,3900.24,0.44,0.01,0.29,0.11,2,16,12793.0,3018.06,576.41,0.27,9
C10274,5113.42,0.74,4753.15,2509.99,1207.6,2358.13,0.47,0.22,0.26,0.22,1,12,4983.85,598.81,897.65,0.47,33
C10275,5015.16,0.55,3007.25,2465.95,1167.66,1137.41,0.52,0.44,0.37,0.1,0,12,9056.65,5913.53,631.06,0.08,35
C10276,7982.95,0.62,3720.53,2531.55,808.91,830.92,0.2,0.15,0.25,0.09,1,17,2725.29,3569.86,,0.15,32
C10277,6499.64,0.99,2536.27,1460.43,682.79,1663.65,0.29,0.05,0.21,0.16,1,15,10662.95,1613.54,868.5,0.08,27
C10278,7019.67,0.57,3174.18,1007.55,262.38,4699.62,0.67,0.38,0.2,0.01,2,21,11247.55,3425.93,763.72,0.4,21
C10279,7957.93,0.75,363.95,2376.76,789.57,1715.13,0.16,0.3,0.01,0.02,1,9,1599.72,553.52,1270.34,0.03,27
C10280,8900.05,0.81,1279.41,1359.37,333.7,4940.62,0.66,0.29,0.17,0.13,1,11,10461.07,4819.36,1628.17,0.04,28
C10281,3379.95,0.85,1815.65,558.49,1471.39,2426.15,0.45,0.03,0.49,0.28,1,11,6805.66,5559.44,601.21,0.15,10
C10282,3755.83,0.78,2367.74,2566.37,425.57,895.82,0.61,0.07,0.44,0.22,0,13,2737.36,5259.22,435.31,0.26,14
C10283,939.82,0.5,237.79,2648.85,126.54,4455.7,0.57,0.31,0.16,0.03,0,11,6878.71,2116.37,1337.12,0.2,7
C10284,5782.8,0.66,708.72,1404.27,1109.21,2301.78,0.17,0.1,0.29,0.25,2,10,3719.26,2022.03,1343.94,0.02,7
C10285,359.42,0.76,1391.3,236.34,1194.51,3548.36,0.46,0.25,0.42,0.22,2,14,6817.83,307.02,1803.25,0.48,9
C10286,4655.98,0.54,4857.95,1169.6,1745.11,4918.56,0.69,0.27,0.22,0.18,1,18,6380.75,3943.26,41.73,0.48,25
C10287,5426.45,0.68,1663.42,2412.58,1158.19,250.88,0.35,0.14,0.01,0.25,0,12,11337.48,3255.94,1707.55,0.14,25
C10288,2865.41,0.52,2415.38,2706.3,697.51,483.47,0.77,0.47,0.04,0.12,4,18,11839.02,2810.14,1046.79,0.37,22
C10289,5908.33,0.54,988.53,618.38,1607.99,3602.28,0.36,0.42,0.26,0.07,1,11,9498.4,5455.02,1246.39,0.29,25
C10290,305.0,0.7,3057.79,210.25,1085.15,1409.13,0.11,0.36,0.48,0.15,2,15,1317.62,1090.49,191.83,0.12,33
C10291,373.48,0.57,1410.61,2633.28,167.77,921.51,0.31,0.04,0.35,0.16,1,18,14034.31,157.03,870.9,0.13,26
C10292,8226.01,0.78,1042.89,1174.32,1136.04,196.81,0.76,0.05,0.04,0.16,0,10,10607.27,532.57,,0.25,30
C10293,3601.91,0.84,2587.7,1629.87,1816.96,109.23,0.26,0.25,0.09,0.17,2,15,1478.74,1417.89,515.91,0.21,24
C10294,1270.61,0.9,37.47,2904.52,798.66,3872.43,0.69,0.08,0.39,0.28,2,14,12463.66,296.38,1013.15,0.15,8
C10295,5222.43,0.6,48.24,209.03,599.69,672.17,0.71,0.49,0.42,0.27,0,12,3803.73,3066.78,1626.79,0.4,35
C10296,7699.94,0.58,1103.15,1948.47,295.5,2338.6,0.28,0.08,0.31,0.26,2,14,9109.1,1953.13,1490.12,0.24,10
C10297,2158.21,0.55,193.24,231.58,311.38,3029.48,0.07,0.24,0.32,0.24,1,19,7532.88,1164.85,1186.09,0.33,15
C10298,6228.9,0.82,549.05,1132.65,871.22,2141.76,0.58,0.18,0.01,0.28,1,17,6877.74,4525.5,1083.44,0.09,11
C10299,853.47,0.85,1700.91,2413.41,1195.4,135.53,0.25,0.32,0.41,0.03,0,16,13455.99,1306.26,860.34,0.27,8
C10300,516.82,0.52,4014.9,1306.08,170.42,3917.51,0.63,0.06,0.39,0.08,2,17,7123.06,4156.87,1945.69,0.16,22
C10301,5313.55,0.97,2864.52,2991.58,1879.74,52.57,0.35,0.22,0.13,0.15,0,12,2054.82,2160.66,1124.78,0.26,15
C10302,5406.35,0.53,2568.21,1681.59,1512.72,3809.45,0.39,0.14,0.35,0.25,3,15,14252.94,3119.78,515.39,0.39,29
C10303,6374.3,0.77,1474.51,970.27,1177.38,4466.52,0.62,0.44,0.11,0.15,2,12,13887.49,5609.82,467.88,0.38,17
C10304,7260.91,0.85,4659.45,668.13,1658.59,2164.2,0.31,0.02,0.02,0.22,0,12,10582.06,320.37,1226.59,0.18,6
C10305,9758.52,0.94,1991.11,1058.06,169.57,2677.71,0.35,0.46,0.1,0.04,1,14,7550.5,3051.56,1050.43,0.35,23
C10306,5163.0,0.86,444.59,1123.87,958.91,2384.92,0.3,0.42,0.09,0.08,2,10,2300.03,5141.1,25.32,0.47,24
C10307,3229.56,0.9,3089.16,215.45,1263.89,1946.04,0.29,0.15,0.17,0.22,0,10,12070.47,3569.05,1661.83,0.31,27
C10308,7951.86,0.67,578.05,1115.03,1659.02,4437.12,0.42,0.39,0.21,0.05,0,22,2056.69,1733.54,,0.07,25
C10309,2708.32,0.91,1732.66,1398.07,1569.1,4469.67,0.65,0.02,0.25,0.11,0,18,1960.41,2446.32,1327.04,0.34,9
C10310,4389.71,0.54,2541.99,2170.99,561.37,1679.08,0.29,0.48,0.24,0.08,3,13,8523.37,4113.57,146.87,0.05,20
C10311,784.56,0.95,4372.37,1973.62,1882.35,3075.35,0.42,0.26,0.14,0.1,2,13,3241.8,5355.79,730.49,0.44,14
C10312,253.51,0.77,2472.8,2129.21,257.45,4634.54,0.54,0.15,0.01,0.21,1,13,1108.22,342.29,1871.41,0.26,11
C10313,9626.48,0.91,3514.27,35.01,1751.52,4810.29,0.22,0.18,0.3,0.11,1,13,6923.59,522.08,1726.55,0.19,17
C10314,8359.8,0.73,4964.16,660.83,1942.17,2544.8,0.22,0.03,0.2,0.17,1,22,2921.04,2017.8,578.23,0.03,23
C10315,6959.74,0.82,666.13,1988.44,362.54,2264.12,0.75,0.49,0.15,0.03,2,11,3247.22,1473.4,322.55,0.19,28
C10316,4089.53,0.76,1380.91,1457.13,1446.91,1393.47,0.58,0.02,0.43,0.24,1,20,2076.75,1663.09,903.69,0.45,20
C10317,1732.94,0.87,1978.93,25.89,90.17,4794.36,0.46,0.33,0.37,0.11,2,14,3871.31,1405.49,718.1,0.01,34
C10318,1564.37,0.54,2114.92,2415.44,816.79,714.07,0.52,0.22,0.43,0.19,1,14,11016.78,1255.37,1367.63,0.24,24
C10319,2502.43,0.53,2061.0,2320.7,1037.4,2899.15,0.02,0.47,0.25,0.22,0,8,12324.98,870.68,,0.47,14
C10320,5492.27,0.62,4538.98,1649.77,1165.48,1412.75,0.49,0.12,0.07,0.06,6,11,7335.47,5610.33,732.37,0.2,27
C10321,7145.96,0.58,3573.02,208.73,1872.52,1395.04,0.41,0.27,0.35,0.27,1,20,8091.75,950.72,133.83,0.21,29
C10322,6601.97,0.94,3043.45,2301.88,1347.78,2024.84,0.44,0.24,0.1,0.18,2,13,1457.17,1305.98,1796.25,0.29,18
C10323,2799.34,0.61,1553.77,1755.3,967.74,4993.96,0.29,0.35,0.22,0.13,1,19,1970.43,1552.97,85.52,0.23,21
C10324,9548.65,0.99,4120.71,2348.06,1621.25,274.83,0.07,0.03,0.03,0.05,1,15,4605.95,5604.79,1906.0,0.08,18
C10325,7378.97,0.67,4775.75,2257.72,1901.56,2892.71,0.15,0.1,0.41,0.28,2,15,8614.58,4558.71,1332.51,0.01,6
C10326,5543.54,0.59,4107.78,2410.98,53.91,412.86,0.76,0.11,0.06,0.23,0,15,11353.72,4759.23,1883.96,0.3,23
C10327,6117.21,0.89,17.81,1558.84,1965.22,772.6,0.33,0.37,0.45,0.06,0,13,,718.07,407.32,0.46,27
C10328,4196.0,0.83,3185.64,429.57,181.4,2197.81,0.37,0.09,0.43,0.1,0,16,6489.79,5034.23,90.99,0.05,8
C10329,2477.31,0.75,265.17,2016.76,1630.63,2552.3,0.04,0.29,0.23,0.24,1,13,,2508.34,981.54,0.11,22
C10330,3559.73,0.78,1295.46,1865.22,567.87,1293.96,0.03,0.11,0.37,0.21,1,24,11930.83,1650.66,906.74,0.19,27
C10331,7578.46,0.86,307.03,2229.34,273.04,1582.29,0.57,0.43,0.31,0.23,0,16,6093.0,3496.93,,0.4,10
C10332,143.93,0.61,3022.94,517.94,885.31,434.84,0.43,0.47,0.4,0.13,0,15,11304.76,4950.88,1915.74,0.13,34
C10333,1160.73,1.0,3436.08,592.98,1291.47,1516.1,0.41,0.26,0.22,0.21,0,16,8181.7,4694.05,1646.94,0.44,30
C10334,460.03,0.99,581.29,2672.32,768.09,4832.79,0.19,0.18,0.39,0.12,3,9,11341.27,5350.99,1326.55,0.03,11
C10335,407.29,0.83,1925.36,2252.43,118.59,4723.54,0.6,0.12,0.23,0.06,0,13,13702.05,5575.98,334.09,0.47,26
C10336,8554.61,0.6,2286.62,2725.6,1202.93,1674.39,0.13,0.02,0.47,0.19,2,17,13894.41,1504.92,1471.3,0.28,22
C10337,7036.58,0.84,1851.57,2278.56,1805.78,2854.27,0.15,0.13,0.24,0.29,1,13,8491.49,2600.76,1456.75,0.33,22
C10338,4741.74,0.54,613.91,1795.49,772.6,4547.98,0.37,0.33,0.23,0.09,0,15,8161.12,186.31,855.89,0.18,32
C10339,978.34,0.52,2100.55,1965.86,440.5,30.92,0.23,0.27,0.39,0.14,1,21,4719.5,5288.0,1850.32,0.39,6
C10340,4916.16,0.63,3758.38,2668.49,890.73,4053.42,0.2,0.47,0.41,0.2,1,20,14101.2,1011.98,342.29,0.08,12
C10341,4734.72,0.73,364.33,1740.63,106.24,4741.85,0.52,0.2,0.28,0.16,1,20,7410.87,5182.7,542.0,0.02,27
C10342,1732.02,0.93,410.1,1900.85,1642.77,456.63,0.52,0.35,0.09,0.25,1,16,2786.28,2043.39,135.82,0.2,35
C10343,4338.52,0.86,1780.31,477.87,1654.42,807.24,0.66,0.24,0.23,0.23,3,20,7057.87,2271.99,1592.95,0.43,21
C10344,3985.05,0.87,4709.21,1427.02,1180.12,4803.73,0.33,0.26,0.48,0.02,1,14,2778.75,330.88,1247.3,0.38,10
C10345,6158.5,0.71,3346.18,2152.03,712.67,2687.7,0.06,0.13,0.38,0.3,0,7,8035.44,2028.58,636.73,0.26,21
C10346,6350.94,0.67,3396.56,820.12,1601.57,70.98,0.22,0.23,0.41,0.23,1,20,8857.86,5341.35,335.99,0.29,9
C10347,453.04,0.69,1815.98,614.74,1113.83,1288.16,0.78,0.24,0.02,0.26,1,14,5728.58,250.73,89.89,0.06,16
C10348,3746.13,0.99,2972.37,948.34,1653.61,2249.72,0.48,0.35,0.23,0.2,2,14,2003.11,2497.33,341.82,0.42,19
C10349,6258.6,0.52,60.55,732.09,1266.6,3464.54,0.57,0.47,0.32,0.26,1,14,14209.05,285.26,912.04,0.39,34
C10350,5031.36,0.93,3184.12,652.59,1570.97,3665.8,0.01,0.16,0.42,0.03,1,16,11826.94,2288.45,501.88,0.33,18
C10351,8564.9,0.79,4567.3,1280.3,1201.14,4977.11,0.41,0.02,0.02,0.1,3,14,12744.34,1118.58,525.37,0.23,32
C10352,6586.94,0.72,3066.74,2724.44,834.14,1437.56,0.03,0.25,0.43,0.26,0,15,6136.16,1588.09,1752.4,0.48,29
C10353,1629.34,0.86,4369.76,1526.11,1916.31,2691.1,0.46,0.27,0.27,0.06,0,17,11651.63,5277.83,1035.12,0.44,32
C10354,705.69,0.74,3622.63,571.88,1086.82,2666.62,0.74,0.08,0.1,0.02,0,16,7795.22,2672.69,1461.21,0.32,13
C10355,6424.19,0.94,611.59,240.15,1214.13,2028.23,0.77,0.38,0.16,0.24,0,11,3815.17,1715.41,81.06,0.19,26
C10356,265.11,0.95,4513.24,2091.51,448.77,845.81,0.43,0.49,0.14,0.25,1,12,2741.93,3577.1,736.68,0.31,25
C10357,5857.76,0.71,341.55,1154.57,1255.05,4887.28,0.37,0.47,0.27,0.05,2,12,5830.71,938.43,963.55,0.29,20
C10358,9402.3,0.64,2674.5,2467.27,1147.5,4266.59,0.76,0.1,0.03,0.26,1,15,2925.73,1630.41,380.97,0.2,23
C10359,5754.74,0.8,719.26,1981.94,377.83,2491.67,0.54,0.44,0.08,0.21,1,20,14975.77,3322.86,249.18,0.15,12
C10360,3881.7,0.96,68.42,2390.76,128.58,3016.23,0.05,0.35,0.41,0.16,1,14,1688.65,1501.39,1741.9,0.2,26
C10361,6432.88,0.61,2115.95,823.12,1212.68,1136.31,0.37,0.23,0.07,0.25,3,16,7176.01,4106.85,1879.47,0.29,24
C10362,4582.53,0.81,1482.25,2080.15,1529.75,2718.94,0.19,0.27,0.12,0.13,0,14,7329.31,2999.8,166.83,0.21,30
C10363,5456.17,0.82,2435.14,799.55,1051.57,3474.85,0.38,0.42,0.23,0.06,2,19,5208.85,4654.74,,0.13,14
C10364,9414.65,0.87,2890.23,2817.81,461.28,2575.84,0.36,0.24,0.26,0.09,0,7,8998.92,5694.64,1916.99,0.38,16
C10365,3861.03,0.57,228.26,1912.76,1336.38,4951.43,0.47,0.19,0.38,0.15,0,14,,783.25,175.49,0.27,32
C10366,9611.91,0.86,623.79,980.29,169.41,3056.71,0.29,0.25,0.22,0.16,1,16,11974.77,2074.52,1290.85,0.03,15
C10367,9053.51,0.95,2797.63,815.84,889.25,1854.87,0.13,0.29,0.39,0.24,1,15,5654.27,1985.34,1944.72,0.18,19
C10368,1957.91,0.59,1722.41,580.87,335.1,3860.76,0.4,0.09,0.31,0.24,3,19,9278.8,991.98,1956.67,0.44,21
C10369,693.61,0.62,3648.58,2086.98,377.07,852.31,0.66,0.45,0.06,0.17,0,7,11018.95,4880.79,947.73,0.38,32
C10370,1007.78,0.99,3264.94,663.96,412.56,1922.58,0.53,0.34,0.08,0.23,1,11,,4583.28,,0.16,13
C10371,182.22,0.59,4229.57,1789.96,779.55,1734.79,0.27,0.32,0.22,0.06,1,11,12701.02,2958.11,412.15,0.47,6
C10372,944.43,0.93,3465.54,801.26,111.79,2159.04,0.75,0.05,0.2,0.02,0,13,9516.33,3272.85,1780.31,0.04,17
C10373,6830.07,0.75,2155.36,1989.29,801.61,3908.9,0.73,0.3,0.37,0.26,1,23,6437.5,451.31,,0.48,8
C10374,711.89,0.62,3368.1,2446.67,1028.3,2420.87,0.17,0.06,0.29,0.02,1,15,8044.87,3377.49,,0.12,7
C10375,3189.76,0.94,1384.15,2336.3,971.76,3970.07,0.03,0.04,0.19,0.07,1,21,11762.29,4768.91,1534.69,0.0,21
C10376,8448.75,0.72,1538.5,2284.95,771.74,2882.44,0.59,0.26,0.09,0.21,1,8,13285.64,3485.58,1482.46,0.22,9
C10377,232.72,0.76,3947.04,571.29,1679.9,1710.35,0.66,0.2,0.11,0.12,0,14,2452.95,1665.31,1327.02,0.18,7
C10378,8144.68,0.68,2237.63,274.27,299.2,4049.89,0.77,0.29,0.29,0.26,2,13,6387.99,4038.53,1656.28,0.27,17
C10379,2818.55,0.8,3993.92,2099.86,1016.34,1191.45,0.71,0.04,0.21,0.09,0,28,11865.63,2232.78,1373.96,0.4,32
C10380,1181.65,0.58,4113.89,1111.36,133.46,1121.91,0.48,0.22,0.26,0.0,1,23,7043.12,3314.75,1072.66,0.42,29
C10381,6967.37,0.7,4289.24,1302.72,151.6,2522.51,0.42,0.09,0.09,0.09,1,10,5651.19,2976.64,481.54,0.2,22
C10382,6289.43,0.98,4584.01,103.14,1151.99,1304.25,0.02,0.49,0.33,0.17,1,16,6758.52,2348.93,1490.34,0.21,25
C10383,8774.72,0.63,2160.62,786.13,1136.38,45.44,0.2,0.28,0.43,0.11,0,18,9439.83,4341.38,952.14,0.07,26
C10384,7350.71,0.83,1601.15,110.69,1757.29,3241.49,0.37,0.34,0.13,0.16,0,24,14997.27,5314.87,596.64,0.02,35
C10385,8034.81,0.66,2915.17,2638.77,1120.17,2555.47,0.5,0.16,0.25,0.26,0,20,7901.89,130.75,1605.87,0.32,15
C10386,2820.35,0.89,1862.15,737.76,1919.98,2227.59,0.45,0.05,0.49,0.27,2,16,3918.92,5608.34,1396.46,0.03,25
C10387,1774.4,0.57,3009.36,1676.44,106.9,4834.84,0.59,0.49,0.17,0.08,3,24,3279.85,3117.94,1875.31,0.37,13
C10388,7506.15,0.98,3530.87,126.55,205.04,2856.0,0.22,0.14,0.3,0.14,1,16,1592.9,4234.32,339.23,0.27,23
C10389,8068.35,0.73,3445.14,2003.87,97.69,4317.16,0.45,0.21,0.05,0.16,0,5,8823.44,5148.18,1301.89,0.1,30
C10390,9905.05,0.62,1879.02,975.85,378.7,697.25,0.07,0.32,0.3,0.28,0,11,8624.01,2855.91,496.04,0.27,23
C10391,4126.18,0.54,842.63,2694.78,1087.13,2846.03,0.33,0.01,0.04,0.3,1,13,3873.27,5026.35,1808.13,0.09,23
C10392,3720.18,0.58,2158.34,2665.47,1294.69,4339.9,0.6,0.41,0.48,0.07,1,14,10734.61,1147.96,208.0,0.22,34
C10393,7764.13,0.76,721.54,982.62,100.71,2915.53,0.55,0.27,0.36,0.22,1,15,11375.5,1039.09,1315.76,0.4,7
C10394,3408.04,0.67,4451.58,2703.87,1892.48,3590.07,0.79,0.14,0.39,0.11,0,14,4627.37,3979.08,1584.26,0.23,17
C10395,9307.57,0.91,1735.93,2988.51,1685.91,1860.22,0.22,0.03,0.35,0.0,0,14,5817.4,5233.84,716.29,0.07,15
C10396,8584.13,0.72,780.75,2477.99,600.26,462.25,0.4,0.08,0.29,0.0,1,11,14866.6,5365.31,1908.73,0.36,13
C10397,4289.94,0.62,136.98,2536.17,163.6,2289.5,0.26,0.45,0.22,0.14,1,22,,3898.07,1702.95,0.09,24
C10398,7508.71,0.81,3232.65,754.54,348.08,1972.4,0.35,0.34,0.43,0.15,0,12,11651.22,3200.39,596.29,0.37,15
C10399,7545.43,0.85,3188.14,1734.34,262.62,4335.3,0.69,0.12,0.48,0.01,1,19,7338.16,2055.22,25.01,0.24,16
C10400,1031.24,0.58,1709.61,211.1,255.33,1219.98,0.55,0.03,0.25,0.21,2,19,,5882.0,600.35,0.23,19
C10401,9025.53,0.58,367.84,293.8,1041.94,4833.67,0.71,0.35,0.47,0.09,0,13,11766.33,1986.2,569.81,0.43,31
C10402,5052.52,0.52,2054.05,2996.69,499.24,4790.69,0.16,0.29,0.29,0.17,1,16,10348.58,4490.7,1781.03,0.35,20
C10403,8264.57,0.87,1562.98,986.65,722.7,1238.16,0.7,0.2,0.27,0.09,2,21,12966.9,3238.69,1934.57,0.02,35
C10404,3200.5,0.83,3388.83,2247.07,1979.12,1740.26,0.05,0.18,0.23,0.05,0,14,14149.06,3690.22,150.18,0.15,29
C10405,8955.23,0.74,3032.84,2421.93,1371.79,4477.78,0.71,0.11,0.1,0.12,2,11,9119.77,2421.54,947.88,0.44,28
C10406,3892.02,0.92,1829.32,2575.49,1898.47,4833.11,0.26,0.33,0.0,0.07,2,19,4324.56,5792.46,1101.18,0.01,15
C10407,108.38,0.9,1097.28,2992.91,293.69,2217.2,0.25,0.49,0.12,0.16,1,12,6580.81,3472.93,194.89,0.27,9
C10408,9053.82,0.79,4940.3,732.07,770.46,1604.99,0.41,0.09,0.25,0.06,0,15,11616.28,5632.95,761.22,0.36,12
C10409,912.87,0.93,2275.47,130.65,1113.92,2630.47,0.75,0.3,0.19,0.15,1,12,10112.37,144.79,640.99,0.31,16
C10410,3193.14,0.6,3444.49,1239.46,162.75,3438.85,0.04,0.21,0.22,0.05,1,17,3489.18,3478.76,1076.75,0.38,29
C10411,9500.62,0.56,711.36,398.94,18.33,1367.37,0.28,0.22,0.49,0.2,0,11,1717.35,4331.4,1325.77,0.36,27
C10412,9506.07,0.63,2433.09,77.05,1344.16,3682.37,0.69,0.13,0.18,0.23,3,11,10561.46,4495.97,1409.94,0.35,27
C10413,5734.38,0.53,147.41,1087.68,1287.22,258.29,0.32,0.41,0.23,0.03,0,10,4515.11,5439.36,282.14,0.41,8
C10414,6318.37,0.77,2532.22,2353.38,827.47,246.47,0.16,0.24,0.07,0.14,0,13,7995.38,125.97,1627.77,0.32,10
C10415,4484.46,0.97,4820.45,1702.88,984.39,1931.44,0.34,0.27,0.02,0.02,0,11,11454.45,101.95,1360.3,0.2,31
C10416,2932.11,0.52,1927.19,945.21,836.73,1767.37,0.31,0.15,0.39,0.18,2,11,8877.33,2886.35,1779.26,0.24,7
C10417,3286.65,0.56,204.59,1966.48,57.77,1578.17,0.73,0.09,0.29,0.08,2,18,2166.24,272.83,904.18,0.36,17
C10418,6725.18,0.73,164.47,703.73,677.39,2455.1,0.61,0.04,0.38,0.16,2,14,3598.12,5849.74,1788.84,0.44,26
C10419,7523.75,0.97,1946.05,53.0,362.39,1603.67,0.4,0.36,0.07,0.16,0,26,4070.59,1410.18,1732.89,0.14,10
C10420,7915.79,0.66,808.52,2295.42,205.86,961.29,0.79,0.1,0.29,0.28,0,11,4610.1,2888.72,882.43,0.17,12
C10421,7896.18,0.75,126.53,1874.99,1913.87,1547.35,0.37,0.35,0.13,0.16,4,9,8915.65,460.71,768.48,0.47,9
C10422,912.06,0.52,3783.51,2289.28,1202.73,4874.52,0.05,0.2,0.11,0.17,1,16,8055.52,3180.09,1866.3,0.29,35
C10423,4944.2,0.57,2298.03,126.42,1460.03,2055.57,0.21,0.21,0.01,0.12,2,13,3844.24,2341.74,1433.18,0.09,16
C10424,575.59,0.99,1453.33,2512.99,637.57,2223.56,0.35,0.23,0.07,0.28,2,24,1945.77,363.49,1857.21,0.33,27
C10425,5495.29,0.98,4501.42,1862.38,792.36,2882.72,0.13,0.18,0.15,0.23,3,17,3400.05,2077.23,1595.98,0.5,14
C10426,4415.31,0.5,589.53,1694.55,481.48,4916.7,0.76,0.05,0.06,0.09,0,8,14781.34,2409.47,1222.5,0.41,9
C10427,8877.04,0.98,4780.03,1877.6,202.96,1208.01,0.61,0.15,0.49,0.25,1,9,7559.66,5940.54,240.55,0.37,32
C10428,3509.15,0.82,1576.69,2594.66,366.27,3406.41,0.21,0.33,0.15,0.13,1,11,13142.84,1326.53,590.05,0.1,35
C10429,1170.67,0.93,4443.13,1764.94,1597.05,3579.92,0.47,0.33,0.07,0.25,2,17,12882.53,3314.2,1938.0,0.44,27
C10430,1429.92,0.73,3018.68,1747.04,1358.32,3036.62,0.58,0.14,0.1,0.25,0,17,8161.27,5925.16,,0.26,34
C10431,7615.11,0.76,4135.27,2972.13,1098.39,442.89,0.75,0.23,0.29,0.06,1,16,10893.63,4772.91,195.58,0.44,33
C10432,6182.18,0.74,4920.23,2272.62,955.43,3384.36,0.71,0.1,0.03,0.21,0,23,3698.53,5960.87,1418.03,0.16,14
C10433,1011.23,0.83,1449.14,1332.46,1845.64,320.47,0.41,0.11,0.43,0.09,1,20,10637.55,5812.96,1470.67,0.03,31
C10434,841.07,0.57,4806.07,2125.12,154.74,2980.71,0.62,0.01,0.48,0.09,1,24,4813.38,2988.28,578.06,0.24,17
C10435,7009.69,0.51,1953.51,1173.8,568.4,3697.91,0.45,0.45,0.12,0.09,0,14,12648.87,4208.62,602.37,0.13,21
C10436,727.63,0.65,1933.7,694.34,706.38,1054.85,0.44,0.11,0.23,0.22,1,23,2172.14,751.61,943.1,0.36,6
C10437,8218.6,0.85,1708.53,1794.59,1567.03,4208.11,0.09,0.11,0.01,0.07,0,12,11823.94,2702.78,53.36,0.48,13
C10438,7062.42,0.6,2711.62,2785.26,1985.1,151.77,0.1,0.14,0.32,0.0,1,12,2399.12,4873.21,1580.75,0.35,6
C10439,813.49,0.84,779.18,2788.13,488.93,4219.06,0.42,0.06,0.21,0.21,1,11,13336.65,3081.48,641.01,0.44,25
C10440,848.38,0.98,2773.02,1032.3,1749.87,2301.65,0.22,0.32,0.14,0.05,0,21,5258.86,4245.92,1708.99,0.23,24
C10441,9866.4,0.55,2713.11,1587.76,1662.94,1087.94,0.02,0.04,0.1,0.03,0,15,10161.51,4499.93,1607.23,0.39,9
C10442,3742.71,0.84,3811.89,642.79,457.07,668.89,0.58,0.07,0.33,0.07,1,15,7825.03,1595.47,1326.19,0.42,19
C10443,3706.42,0.72,4169.91,2986.94,804.67,4766.54,0.03,0.32,0.21,0.11,1,13,6128.24,5266.63,656.5,0.36,28
C10444,8128.0,0.93,2207.8,2943.54,825.25,363.33,0.48,0.17,0.09,0.14,1,14,10036.19,2812.95,1037.47,0.25,34
C10445,9472.49,0.59,1518.64,1952.03,1956.66,995.47,0.43,0.35,0.34,0.01,1,16,14265.32,1340.09,895.21,0.31,19
C10446,9860.01,0.85,1304.08,2415.2,369.97,1739.11,0.78,0.28,0.28,0.29,0,15,1577.78,5205.95,684.37,0.35,14
C10447,7533.78,0.92,981.17,2148.15,1600.32,3101.17,0.39,0.13,0.43,0.21,0,14,13863.94,2565.13,1697.79,0.13,14
C10448,3762.6,0.97,297.66,1783.54,675.04,2724.01,0.05,0.33,0.06,0.1,0,11,9527.14,4526.84,972.18,0.4,31
C10449,835.01,0.84,1718.82,169.51,1464.43,628.22,0.44,0.06,0.39,0.1,0,18,12302.4,3333.4,1667.12,0.48,22
C10450,7771.47,0.75,1358.54,1369.75,845.82,1448.64,0.67,0.27,0.34,0.13,1,12,6374.25,2353.04,219.38,0.23,20
C10451,5584.04,0.81,4832.42,2027.61,1160.94,1193.76,0.8,0.22,0.06,0.19,2,9,7605.8,4878.27,290.64,0.35,15
C10452,4242.22,0.93,2792.97,2035.82,1666.9,1067.71,0.34,0.13,0.35,0.04,1,9,13163.91,3548.37,1954.87,0.37,22
C10453,9063.54,0.79,1742.91,1125.64,1610.29,2055.72,0.26,0.3,0.22,0.06,1,15,6807.87,2404.32,1179.66,0.33,14
C10454,1111.97,0.52,2906.53,2825.66,1734.18,3520.16,0.73,0.44,0.47,0.26,0,12,8485.23,746.63,1024.44,0.27,9
C10455,4926.25,0.97,704.59,510.4,128.64,1087.26,0.15,0.5,0.07,0.08,0,19,1282.73,5383.13,1051.08,0.44,33
C10456,113.54,0.84,2225.78,1506.07,1387.18,1833.39,0.49,0.3,0.32,0.11,1,8,3220.37,309.27,438.38,0.22,34
C10457,4686.61,0.84,3134.91,2075.74,288.57,1954.59,0.32,0.2,0.19,0.26,2,16,9983.61,5192.81,1440.22,0.03,19
C10458,563.03,0.61,2449.6,2094.44,837.48,4882.28,0.03,0.11,0.48,0.2,0,13,11037.68,2223.77,178.71,0.42,8
C10459,1188.18,0.83,2014.88,1949.43,1101.69,4773.33,0.28,0.13,0.16,0.1,1,16,9156.41,3872.1,1150.91,0.34,34
C10460,1175.26,0.7,4969.3,833.11,811.45,4000.69,0.21,0.24,0.48,0.21,0,15,3006.34,5540.98,1145.83,0.42,30
C10461,6492.1,0.83,4402.77,477.06,1044.03,1208.29,0.55,0.18,0.45,0.01,2,16,7235.68,995.07,1829.23,0.07,26
C10462,7460.45,0.55,3120.8,1911.46,1993.09,340.19,0.76,0.46,0.14,0.22,0,17,5971.33,3445.01,1057.1,0.02,17
C10463,5833.69,0.83,2851.19,1801.91,279.08,1584.52,0.21,0.18,0.4,0.15,1,13,7939.26,4610.15,282.75,0.47,27
C10464,9621.73,1.0,3107.1,546.27,1354.16,1333.97,0.65,0.19,0.5,0.24,1,19,13184.61,4569.74,1149.78,0.07,6
C10465,3748.71,0.52,1014.55,2118.37,798.04,2529.63,0.04,0.19,0.13,0.29,3,14,11862.06,3201.23,191.74,0.4,6
C10466,2857.12,0.99,1981.74,1370.96,274.69,3888.64,0.43,0.42,0.22,0.28,0,14,2175.85,3785.96,415.55,0.41,18
C10467,8685.99,0.7,206.9,2006.6,325.89,4291.61,0.06,0.33,0.26,0.27,1,9,13464.33,4569.41,71.91,0.35,19
C10468,2235.96,0.94,2382.97,2513.73,1899.05,4224.32,0.75,0.31,0.15,0.15,0,19,7604.74,5062.06,1031.45,0.07,21
C10469,9632.23,0.89,2719.69,517.49,1760.41,1798.38,0.61,0.17,0.01,0.11,1,12,11414.07,4594.7,178.22,0.33,12
C10470,121.54,0.78,1146.47,67.24,1815.01,3436.17,0.53,0.41,0.11,0.14,0,12,2960.55,2188.63,944.09,0.44,15
C10471,9698.79,0.87,4820.5,2339.52,1983.15,1564.17,0.66,0.02,0.14,0.21,0,10,10390.07,5980.69,1866.56,0.21,20
C10472,431.6,0.94,4548.18,1833.0,424.55,304.53,0.52,0.44,0.22,0.27,2,18,,2663.57,1442.33,0.21,13
C10473,8911.43,0.7,3613.49,2101.92,717.32,3507.83,0.78,0.26,0.09,0.06,0,13,7137.33,244.34,,0.22,16
C10474,5277.01,0.66,2671.6,2516.08,1341.75,49.14,0.57,0.2,0.44,0.28,0,16,1236.08,2239.44,456.18,0.04,29
C10475,9929.65,0.83,4351.15,2410.4,972.77,2045.91,0.74,0.25,0.35,0.24,1,18,3122.55,853.92,1350.59,0.45,19
C10476,737.97,0.9,661.96,2883.15,842.6,1646.9,0.41,0.33,0.04,0.29,1,13,2289.13,816.51,1790.46,0.43,18
C10477,5538.54,0.88,3954.64,1612.45,722.04,3466.89,0.09,0.01,0.33,0.26,1,11,4356.42,1761.06,75.51,0.5,28
C10478,9693.03,0.9,632.86,1470.6,1191.62,3831.23,0.42,0.44,0.33,0.08,1,9,2400.25,414.92,1626.78,0.29,18
C10479,5230.98,0.72,3973.11,1211.64,1155.43,1520.47,0.1,0.22,0.48,0.03,0,5,10686.74,4162.22,1128.01,0.38,32
C10480,6293.99,0.91,1386.08,469.54,331.3,4058.14,0.47,0.17,0.0,0.03,2,18,1406.56,536.53,1096.72,0.1,14
C10481,6957.49,0.56,4386.68,1722.1,948.76,1469.58,0.39,0.07,0.12,0.09,2,17,9648.37,1299.41,1916.05,0.33,22
C10482,4545.41,0.77,4720.77,838.27,1111.41,2231.63,0.5,0.22,0.46,0.18,0,24,2969.91,648.11,1497.81,0.32,23
C10483,6275.58,0.5,752.49,2764.71,1144.87,3635.09,0.01,0.25,0.47,0.24,1,11,14232.26,472.69,1701.74,0.45,34
C10484,5843.14,0.66,2318.75,1753.74,428.11,3464.6,0.16,0.2,0.36,0.27,0,11,14063.32,1679.73,714.45,0.42,24
C10485,9011.58,0.68,4905.13,1782.59,1487.12,4936.84,0.39,0.34,0.38,0.19,1,18,4157.04,3474.2,1113.18,0.47,18
C10486,454.46,0.7,2422.2,1071.22,60.15,1125.81,0.76,0.21,0.05,0.0,0,15,9601.9,5791.64,1234.66,0.43,17
C10487,2809.63,0.85,4319.1,165.45,716.12,3311.59,0.31,0.48,0.26,0.06,2,14,1392.07,5265.78,649.95,0.43,34
C10488,9504.11,0.69,2947.77,104.91,1562.62,3048.41,0.34,0.3,0.12,0.03,2,18,14045.04,5268.01,1144.79,0.03,26
C10489,8902.64,0.72,1882.9,1275.77,1132.15,4575.49,0.57,0.4,0.09,0.11,2,16,8321.82,1138.8,480.94,0.42,25
C10490,4556.57,0.62,1436.06,262.85,529.71,781.81,0.48,0.05,0.41,0.15,2,20,1605.12,1662.95,295.32,0.3,25
C10491,6201.33,0.69,1024.08,1824.47,1392.96,3758.99,0.24,0.2,0.07,0.01,2,12,5795.0,550.72,754.2,0.19,13
C10492,2773.81,0.61,3811.37,2644.11,1139.11,2841.34,0.33,0.17,0.23,0.1,1,15,2075.89,4692.96,1481.19,0.03,29
C10493,1881.21,0.54,1938.84,2649.92,1594.52,1373.33,0.17,0.28,0.47,0.05,0,16,6501.22,511.92,1833.21,0.34,16
C10494,4636.98,0.8,2561.26,1980.55,1472.7,2372.17,0.77,0.43,0.09,0.19,0,13,10378.97,3384.5,920.85,0.16,12
C10495,3533.52,0.83,2466.7,641.58,1224.11,1668.88,0.1,0.04,0.49,0.14,0,13,7578.46,1562.47,1289.22,0.23,6
C10496,5836.56,0.81,2890.62,2590.36,981.47,2896.57,0.3,0.04,0.5,0.15,0,15,6372.11,1536.33,215.04,0.34,15
C10497,777.35,0.73,4329.23,2659.42,275.03,4445.0,0.02,0.43,0.28,0.13,3,15,2668.2,5945.28,1809.88,0.46,20
C10498,9743.95,0.69,4903.89,597.99,530.05,2846.52,0.18,0.11,0.09,0.29,2,16,4429.15,4565.0,1141.52,0.41,9
C10499,9862.11,0.93,2043.85,2214.9,844.01,3158.61,0.62,0.33,0.16,0.06,0,15,2402.01,5037.94,1562.87,0.23,6
C10500,6981.62,0.76,4139.32,866.69,1202.61,2593.74,0.16,0.27,0.21,0.15,2,22,12304.98,3474.7,1590.94,0.19,16
C10501,5360.96,0.74,3824.99,2409.89,1032.28,255.83,0.06,0.42,0.15,0.22,1,13,2893.36,5238.98,520.4,0.12,35
C10502,3095.28,0.51,2871.91,2991.74,583.49,1164.29,0.38,0.06,0.14,0.17,0,11,9335.23,3908.39,1063.06,0.19,10
C10503,8137.95,0.67,4780.68,99.78,22.86,2460.01,0.01,0.06,0.49,0.28,1,15,5798.37,5682.42,1921.35,0.06,24
C10504,6847.31,0.69,1010.37,2693.12,997.52,1551.18,0.07,0.28,0.08,0.11,0,11,4163.7,1759.9,188.37,0.49,24
C10505,1626.17,0.7,555.23,1871.67,578.4,908.82,0.65,0.47,0.37,0.14,3,21,9952.56,3612.39,1369.27,0.29,9
C10506,9109.27,0.79,4271.27,2920.41,1471.87,2520.66,0.62,0.21,0.0,0.03,0,17,7398.03,4171.77,1924.91,0.06,7
C10507,8225.37,0.77,2201.36,1400.38,57.65,1614.05,0.73,0.16,0.3,0.18,1,16,6602.04,2418.33,,0.18,12
C10508,9498.0,0.8,4236.37,2543.69,1173.81,1290.54,0.68,0.3,0.46,0.09,1,17,9299.93,5290.28,1724.28,0.27,33
C10509,7257.2,0.88,4466.52,196.56,1883.53,2319.93,0.55,0.47,0.14,0.05,4,15,7877.75,5880.84,1867.98,0.27,18
C10510,6134.15,0.91,321.66,1012.48,357.07,666.42,0.04,0.42,0.09,0.16,2,11,5248.78,3013.24,1496.7,0.02,25
C10511,4182.43,0.86,4418.49,210.38,948.58,4638.73,0.63,0.5,0.33,0.16,2,15,8826.86,2404.78,470.34,0.48,26
C10512,9327.28,0.98,2247.11,2926.28,191.93,4338.51,0.68,0.01,0.36,0.02,1,14,10372.98,2884.43,674.66,0.14,17
C10513,8660.64,0.51,2557.06,2452.75,1255.11,3538.1,0.64,0.06,0.34,0.21,2,20,1373.7,5131.15,81.26,0.01,35
C10514,452.19,0.6,3136.7,2559.12,1105.56,531.07,0.41,0.3,0.16,0.19,0,14,7522.2,3908.26,1664.59,0.04,7
C10515,263.67,0.5,4632.65,2814.52,820.66,3879.39,0.19,0.41,0.13,0.06,0,19,1807.57,364.16,1700.73,0.29,27
C10516,3764.63,0.82,105.39,264.46,1047.54,4039.79,0.68,0.14,0.48,0.14,1,13,3609.68,3298.8,1269.09,0.07,14
C10517,8105.53,0.95,2389.45,1162.94,1794.18,3838.82,0.58,0.12,0.46,0.22,3,16,8847.12,202.07,711.53,0.02,21
C10518,9872.76,0.62,3441.73,222.39,400.63,569.83,0.78,0.39,0.23,0.16,3,15,13126.64,4693.36,162.85,0.19,13
C10519,1504.17,0.96,3616.31,640.27,54.9,3219.54,0.12,0.03,0.42,0.12,2,14,13359.28,2037.04,,0.31,29
C10520,5941.31,0.53,3465.74,695.8,1724.71,4171.62,0.18,0.18,0.23,0.1,1,21,1979.22,2884.84,1455.79,0.06,23
C10521,3808.91,0.97,680.83,1412.63,1158.46,2886.77,0.17,0.25,0.21,0.18,1,20,6867.47,4812.2,1826.08,0.16,9
C10522,9699.14,0.68,1503.98,813.0,1782.41,3232.04,0.63,0.28,0.08,0.28,0,20,9162.09,374.05,1463.76,0.21,29
C10523,8421.19,0.55,1799.99,311.92,1197.92,2291.82,0.15,0.36,0.21,0.2,0,12,3058.98,1035.4,1659.1,0.08,16
C10524,8383.29,0.74,4024.14,510.8,1622.22,2643.54,0.05,0.18,0.27,0.02,0,13,11716.05,2447.97,1494.45,0.25,22
C10525,4686.93,0.63,1401.01,450.35,865.05,171.88,0.8,0.31,0.01,0.14,3,13,11419.29,1456.56,1265.07,0.04,13
C10526,4148.2,0.64,1061.42,2919.5,1502.22,3194.82,0.02,0.29,0.22,0.27,2,19,13646.77,2093.62,,0.02,24
C10527,2734.07,0.65,4787.67,2280.28,1826.95,407.24,0.67,0.27,0.39,0.03,2,20,1118.8,5989.23,1805.21,0.26,13
C10528,563.75,0.9,54.23,2903.61,1148.52,2175.07,0.29,0.32,0.34,0.3,2,14,4033.58,4969.95,1305.43,0.12,11
C10529,8647.22,0.77,4989.13,1324.82,369.76,1463.28,0.67,0.13,0.32,0.28,0,17,12580.61,5315.02,802.73,0.05,28
C10530,8129.01,0.66,3387.34,842.32,544.91,2727.14,0.44,0.04,0.45,0.02,0,8,10388.12,5628.62,176.1,0.21,7
C10531,9997.18,0.81,4144.06,2396.9,405.3,667.08,0.72,0.06,0.01,0.28,0,18,13521.46,2111.52,588.5,0.46,20
C10532,9966.37,0.86,1480.15,985.5,501.25,3458.22,0.74,0.11,0.28,0.11,1,14,,1852.75,1092.02,0.36,6
C10533,5554.32,0.64,81.43,905.16,619.77,3975.06,0.01,0.25,0.39,0.25,0,16,9357.5,1480.97,558.51,0.41,11
C10534,7689.87,0.71,3691.97,705.19,1114.72,816.77,0.06,0.42,0.27,0.13,1,16,8966.65,4997.69,450.26,0.44,33
C10535,9447.66,0.56,4172.38,397.74,1180.1,521.57,0.2,0.35,0.16,0.13,0,7,1499.44,4109.36,1059.51,0.49,24
C10536,8496.47,0.59,3704.98,776.82,858.73,727.58,0.54,0.39,0.07,0.19,0,12,8189.31,1493.41,347.94,0.38,9
C10537,2473.48,0.84,722.82,1072.41,1234.69,4385.64,0.71,0.18,0.44,0.23,1,7,9533.28,2324.26,1602.82,0.3,18
C10538,4505.44,0.59,3769.61,2025.24,172.33,2640.95,0.37,0.2,0.24,0.01,0,15,3678.1,3089.6,973.89,0.18,20
C10539,1291.59,0.76,3846.92,197.07,184.7,2336.3,0.49,0.2,0.44,0.18,0,6,4826.61,3216.03,1151.99,0.09,14
C10540,9540.51,0.85,3296.12,639.42,351.94,533.56,0.15,0.1,0.29,0.06,2,13,9964.86,5343.49,303.29,0.34,8
C10541,6061.75,0.55,3832.92,2428.98,1040.97,3247.78,0.64,0.03,0.34,0.1,1,12,7556.21,2345.34,655.91,0.5,7
C10542,2286.43,0.78,4231.15,449.3,435.85,4340.0,0.77,0.3,0.4,0.1,1,11,13012.19,5460.29,826.08,0.23,21
C10543,6717.01,0.63,3071.88,1034.51,573.74,4140.93,0.21,0.49,0.33,0.14,2,10,5793.34,2704.07,1618.34,0.36,23
C10544,6181.28,0.98,452.14,2595.33,806.62,3130.27,0.4,0.08,0.2,0.1,3,5,4733.24,4503.6,1542.62,0.25,23
C10545,3581.63,0.74,2443.26,473.23,1625.61,376.39,0.07,0.02,0.26,0.03,0,22,,5588.5,453.73,0.22,11
C10546,1135.58,0.9,397.47,257.38,37.59,561.99,0.45,0.39,0.4,0.04,1,20,13755.9,5454.7,1236.2,0.21,23
C10547,6715.73,0.78,2043.64,1458.77,1302.26,246.54,0.4,0.13,0.19,0.01,4,22,1405.9,436.02,494.48,0.25,16
C10548,5203.08,0.52,2041.46,914.23,1341.06,1287.4,0.12,0.41,0.19,0.14,2,19,11790.2,1313.66,1976.61,0.18,12
C10549,7723.18,0.82,339.39,1694.59,1599.33,678.31,0.35,0.35,0.05,0.29,1,13,2544.69,2913.74,1904.73,0.37,28
C10550,5201.64,0.98,1750.61,2413.38,1866.18,1300.24,0.27,0.47,0.46,0.03,2,12,1384.79,2646.17,1130.9,0.44,28
C10551,8521.82,0.8,563.88,420.07,50.07,1925.29,0.42,0.2,0.05,0.28,2,12,4831.74,3881.26,,0.44,19
C10552,5519.07,0.91,4043.09,1746.29,316.03,4714.91,0.47,0.33,0.32,0.22,0,14,4770.84,5673.78,1604.85,0.11,34
C10553,5609.38,0.94,4738.96,1521.47,1773.48,3051.88,0.01,0.23,0.21,0.19,1,13,12470.46,763.19,1444.79,0.45,23
C10554,8766.54,0.61,370.86,440.8,922.45,4174.87,0.61,0.32,0.2,0.19,3,20,,2765.97,,0.17,12
C10555,4034.83,0.61,4776.02,1875.76,1133.54,3551.76,0.57,0.22,0.34,0.25,1,13,14742.53,1235.23,1917.52,0.15,15
C10556,1340.15,0.81,2617.66,828.18,1329.42,562.52,0.29,0.09,0.03,0.03,0,21,10961.18,5375.23,1196.95,0.36,13
C10557,287.83,0.71,1504.83,1468.62,1361.34,3679.6,0.04,0.25,0.3,0.15,1,12,6855.58,5791.02,1276.24,0.15,29
C10558,7551.37,0.92,393.54,255.99,1864.16,1375.49,0.6,0.26,0.39,0.21,0,14,10784.99,2924.34,1700.04,0.03,19
C10559,6203.1,0.95,2508.12,1384.16,1993.93,3195.54,0.76,0.41,0.41,0.18,2,19,14992.43,713.66,1343.08,0.19,23
C10560,7040.8,0.68,3974.63,926.33,1443.11,1704.81,0.19,0.37,0.09,0.25,2,19,10941.99,4733.24,1468.54,0.36,10
C10561,2129.64,0.62,3538.36,2468.92,581.57,4988.36,0.26,0.33,0.45,0.02,0,21,11663.54,4213.13,476.0,0.16,19
C10562,1363.71,0.89,260.63,180.37,1760.71,1317.76,0.15,0.06,0.33,0.21,0,14,14137.11,2192.56,748.82,0.31,27
C10563,145.45,0.64,373.78,1261.64,107.95,1395.65,0.46,0.36,0.44,0.16,2,28,2591.12,5335.7,303.13,0.33,30
C10564,3505.88,0.91,2020.34,1380.71,469.85,4653.36,0.12,0.25,0.24,0.11,0,13,10866.98,5857.41,1016.47,0.37,27
C10565,5899.18,0.71,1483.5,2177.77,1795.8,123.22,0.28,0.45,0.27,0.1,5,17,12911.28,3391.34,916.9,0.45,31
C10566,3922.44,0.83,1169.6,1727.12,519.82,3483.44,0.56,0.46,0.46,0.19,1,15,14361.3,3437.79,1994.35,0.22,27
C10567,4374.75,0.55,1412.21,2004.96,449.1,3626.63,0.45,0.03,0.45,0.27,1,12,3953.57,1855.33,1226.31,0.08,15
C10568,9041.59,0.81,4019.38,2333.38,284.87,4181.89,0.31,0.41,0.22,0.15,0,10,8055.01,3548.59,1575.03,0.16,31
C10569,3482.55,0.73,4646.85,2587.99,1719.63,4872.2,0.34,0.02,0.14,0.25,2,12,10527.77,2693.89,674.69,0.22,20
C10570,5139.89,0.79,2031.46,948.49,1005.12,4878.01,0.45,0.18,0.2,0.12,1,15,4464.55,1882.93,1664.78,0.36,11
C10571,7836.53,0.58,4531.49,1618.69,1353.04,326.38,0.0,0.27,0.19,0.03,1,9,9406.62,496.39,1234.02,0.01,14
C10572,3965.43,0.87,1614.26,2521.92,485.74,4109.2,0.06,0.07,0.14,0.02,0,14,,1590.98,1397.01,0.16,15
C10573,6220.87,0.93,2387.42,2968.46,1518.5,3231.55,0.71,0.37,0.13,0.02,1,17,5668.4,1267.34,595.92,0.39,28
C10574,8623.64,0.61,1137.88,2669.66,1522.41,3236.71,0.06,0.0,0.43,0.11,2,16,7181.26,3298.05,1101.79,0.34,22
C10575,9495.21,0.55,3205.98,1120.69,632.07,641.75,0.57,0.08,0.03,0.1,0,15,8408.66,3649.85,1271.73,0.37,6
C10576,1470.73,0.51,4895.12,593.55,827.26,3250.94,0.74,0.29,0.34,0.22,2,12,7291.12,3690.57,1182.3,0.41,19
C10577,9265.88,0.82,3021.43,1473.28,427.28,4912.41,0.22,0.36,0.09,0.22,1,20,7904.74,2390.27,1831.24,0.39,9
C10578,4921.16,0.8,1795.49,2227.51,1953.36,4559.09,0.3,0.46,0.17,0.02,0,12,5180.24,2585.26,1797.56,0.34,33
C10579,2582.44,0.77,3242.61,1482.78,1294.75,2195.65,0.46,0.35,0.03,0.07,1,18,3225.51,5022.01,1942.26,0.22,7
C10580,4591.36,0.62,623.37,1454.71,1869.74,199.74,0.71,0.34,0.13,0.08,5,22,1662.9,2909.77,1338.18,0.49,8
C10581,9800.33,0.7,4444.41,2516.31,613.74,1811.47,0.75,0.2,0.38,0.16,3,13,,5927.86,1944.11,0.28,33
C10582,4926.18,0.8,2520.39,1090.6,1565.96,4131.95,0.59,0.0,0.44,0.04,3,11,9147.21,2693.74,1666.63,0.1,12
C10583,3287.52,0.75,2252.26,2580.79,1534.06,3507.5,0.07,0.06,0.11,0.04,2,10,12005.62,3932.53,548.96,0.15,35
C10584,6334.01,0.99,2933.47,1226.35,1386.39,2296.72,0.54,0.27,0.23,0.28,1,10,3369.47,397.14,860.6,0.35,28
C10585,2401.46,0.57,3127.67,991.42,1931.62,275.51,0.33,0.34,0.24,0.24,2,16,2519.78,3954.71,484.4,0.46,19
C10586,758.63,0.85,368.16,1367.43,793.18,2134.47,0.38,0.21,0.44,0.05,0,13,11490.07,5123.42,18.35,0.09,17
C10587,1288.8,0.7,3416.26,2289.72,270.13,2345.12,0.04,0.37,0.38,0.12,1,18,5272.22,5660.5,384.22,0.04,24
C10588,1280.46,0.71,1217.24,386.75,1346.7,4642.78,0.15,0.26,0.26,0.11,0,15,,5984.19,18.08,0.44,34
C10589,1519.03,0.86,3572.62,597.29,1461.33,3205.43,0.63,0.04,0.34,0.24,1,12,11000.45,1764.85,1442.48,0.46,23
C10590,1388.27,0.85,4114.45,2854.82,1154.37,1558.26,0.36,0.1,0.42,0.15,2,14,5574.58,3494.68,,0.14,20
C10591,6408.75,1.0,4021.75,534.72,421.57,2626.59,0.24,0.42,0.0,0.04,1,10,5053.6,2759.24,632.02,0.19,34
C10592,1818.8,0.56,2766.98,1707.5,1013.87,330.28,0.31,0.36,0.2,0.22,4,16,8331.78,3426.52,1525.82,0.33,34
C10593,3456.67,0.55,2605.65,1742.15,631.26,4862.84,0.68,0.45,0.45,0.12,0,19,2108.03,1028.97,,0.16,6
C10594,8967.88,0.86,722.95,1473.98,860.66,1800.3,0.6,0.06,0.37,0.08,1,15,2647.47,5151.28,1950.85,0.44,30
C10595,4739.62,0.79,3878.98,1937.79,1293.98,2389.34,0.22,0.5,0.27,0.11,2,21,3462.01,5466.46,1287.61,0.05,31
C10596,6675.58,0.64,1364.33,697.18,1492.98,1776.42,0.09,0.1,0.26,0.15,1,14,11846.13,2753.0,928.44,0.02,8
C10597,1723.2,0.54,2488.51,1662.46,472.13,3412.56,0.2,0.01,0.17,0.1,1,14,8194.0,1754.54,617.48,0.1,30
C10598,1922.89,0.54,1428.53,1122.8,816.6,3311.16,0.74,0.5,0.26,0.07,1,13,1147.94,930.92,452.41,0.14,20
C10599,408.69,0.95,677.8,1988.39,545.63,3576.61,0.47,0.14,0.33,0.12,0,19,,4134.21,433.72,0.06,9
C10600,1689.35,0.6,3151.49,432.26,405.28,1340.72,0.43,0.33,0.21,0.01,1,15,6931.66,1942.17,824.29,0.03,20
C10601,2785.9,0.66,281.12,1716.92,1568.94,1578.34,0.48,0.09,0.36,0.23,2,11,8151.93,5466.28,1983.65,0.38,15
C10602,1770.1,0.61,3745.74,563.96,1819.41,626.26,0.29,0.29,0.43,0.05,2,16,3997.63,4058.97,11.7,0.08,11
C10603,887.03,0.68,1594.76,843.14,746.76,3277.55,0.65,0.45,0.08,0.01,1,20,8724.95,3909.54,402.44,0.46,18
C10604,1206.36,0.53,10.67,663.94,1505.05,198.99,0.42,0.16,0.23,0.2,1,13,14708.15,3400.47,384.9,0.18,12
C10605,4607.79,0.76,2560.53,556.68,1795.02,2988.41,0.09,0.34,0.2,0.23,1,19,2028.23,370.08,1437.07,0.34,31
C10606,2063.34,0.53,243.79,2478.88,1693.79,4348.48,0.1,0.09,0.34,0.24,1,19,4974.84,5598.34,,0.11,35
C10607,3642.7,0.9,1388.09,864.27,373.8,4454.16,0.43,0.31,0.12,0.15,2,11,4401.97,3804.83,919.95,0.12,27
C10608,5034.17,0.62,3537.81,2782.1,1913.02,2245.19,0.75,0.17,0.32,0.06,0,9,4479.69,5964.97,,0.29,6
C10609,6903.95,0.77,322.82,2910.08,759.59,2296.52,0.25,0.11,0.44,0.22,1,7,6301.89,3270.4,815.94,0.28,27
C10610,393.12,0.94,4198.3,1718.07,685.09,384.85,0.7,0.16,0.21,0.21,1,16,12453.54,4289.65,215.37,0.38,16
C10611,7994.1,0.83,29.06,437.57,134.24,3353.83,0.61,0.09,0.46,0.07,1,14,13780.02,431.64,1070.76,0.38,19
C10612,6279.0,0.77,1241.65,1129.9,977.49,4106.3,0.2,0.45,0.5,0.27,0,11,3831.01,3827.24,204.9,0.34,11
C10613,817.59,0.66,3707.11,2395.22,226.94,1223.28,0.03,0.2,0.05,0.03,0,10,8601.3,4611.43,1583.11,0.22,10
C10614,8735.79,0.67,1588.19,1108.5,504.59,2106.5,0.08,0.12,0.12,0.29,2,22,9916.59,4693.23,1137.54,0.45,24
C10615,9208.72,0.83,518.44,270.18,640.72,4194.2,0.58,0.22,0.48,0.26,2,15,8305.58,4643.66,1450.7,0.31,31
C10616,610.78,1.0,1807.57,1674.79,1619.56,4385.6,0.16,0.16,0.48,0.21,1,13,7077.07,1435.07,842.85,0.5,24
C10617,2768.78,0.83,1359.26,2536.91,1752.22,1215.9,0.3,0.37,0.05,0.28,1,10,3687.66,5854.85,769.17,0.41,32
C10618,8062.01,0.78,4215.13,2389.82,611.91,2752.85,0.4,0.49,0.01,0.22,0,11,7835.07,5971.57,205.44,0.02,31
C10619,7482.6,0.87,1573.61,533.62,1718.81,962.47,0.58,0.22,0.08,0.06,0,12,6617.01,546.02,1052.47,0.16,18
C10620,1845.21,0.73,3946.77,2021.57,1715.89,509.39,0.09,0.43,0.5,0.13,0,23,12137.89,5625.03,,0.29,12
C10621,2093.49,0.53,4460.44,669.31,1531.66,4555.6,0.33,0.28,0.09,0.02,1,12,11690.46,1807.75,941.52,0.36,13
C10622,3704.72,0.78,2174.75,662.44,301.92,4102.54,0.39,0.08,0.25,0.12,3,14,2875.98,4166.78,1483.63,0.28,19
C10623,4845.23,0.98,4550.62,2623.47,1383.74,3800.17,0.43,0.35,0.42,0.22,1,16,2239.27,2094.85,1666.68,0.39,24
C10624,6182.55,0.59,1892.82,756.51,1890.6,243.83,0.65,0.26,0.01,0.12,0,11,13714.16,5809.75,1504.07,0.14,24
C10625,3689.14,0.85,4820.75,797.11,1368.26,4218.64,0.14,0.33,0.3,0.1,0,15,8497.12,698.87,296.29,0.09,28
C10626,4625.35,0.6,455.55,11.95,669.92,2190.22,0.65,0.44,0.14,0.18,1,13,13009.21,3036.71,1247.9,0.03,31
C10627,7474.71,0.77,3438.23,2613.3,1006.15,1711.98,0.55,0.22,0.43,0.26,0,12,1814.12,2625.48,,0.29,17
C10628,366.83,0.55,2474.13,2379.86,1294.99,2732.38,0.44,0.45,0.14,0.01,0,13,8371.22,2023.54,1392.3,0.34,28
C10629,2524.37,0.73,1944.37,1885.71,1026.04,456.77,0.56,0.38,0.34,0.12,0,15,8551.97,3908.65,769.86,0.16,32
C10630,7133.5,0.88,3167.23,2253.29,248.71,3783.23,0.33,0.24,0.34,0.05,3,9,13049.83,873.23,273.67,0.31,14
C10631,8952.07,0.67,3522.25,464.63,631.01,2912.18,0.11,0.3,0.11,0.21,0,15,2366.54,4328.31,1725.48,0.03,19
C10632,5116.77,0.83,31.77,1380.39,1606.77,932.95,0.53,0.16,0.02,0.03,1,20,4366.24,5885.49,1231.88,0.05,11
C10633,5321.13,0.9,843.1,1060.15,1724.22,941.16,0.42,0.49,0.2,0.2,1,14,6691.54,4846.9,715.9,0.35,20
C10634,1071.72,0.96,3568.1,290.39,283.23,921.24,0.51,0.33,0.14,0.09,1,15,13121.78,5174.1,71.15,0.18,18
C10635,4474.12,0.62,3335.26,1463.53,1905.25,285.01,0.27,0.02,0.4,0.06,1,11,14144.37,2221.86,1079.25,0.34,12
C10636,5326.17,0.7,4830.58,2763.01,664.36,2938.99,0.73,0.16,0.4,0.28,1,10,14898.14,2016.83,1847.22,0.42,16
C10637,2424.71,0.58,3807.58,129.78,1328.0,4201.74,0.47,0.31,0.23,0.01,2,18,14428.71,3150.59,1196.8,0.43,15
C10638,2692.43,1.0,4754.36,881.47,1506.13,87.49,0.07,0.03,0.3,0.13,0,16,1083.18,369.79,1943.58,0.09,6
C10639,3772.84,0.96,3515.68,630.55,1625.77,245.02,0.36,0.01,0.3,0.01,1,15,1667.92,5677.61,281.54,0.24,12
C10640,200.71,0.77,1497.28,722.06,1892.04,2863.85,0.61,0.23,0.41,0.15,1,17,3066.5,948.33,1140.93,0.37,23
C10641,3220.79,0.92,535.77,2726.22,632.71,4097.48,0.64,0.17,0.21,0.15,1,17,5884.07,5427.78,1598.27,0.39,28
C10642,2114.48,0.76,3911.3,1409.53,1718.43,1633.69,0.4,0.22,0.14,0.1,1,18,12618.85,593.14,1055.83,0.39,8
C10643,3274.97,0.81,3224.3,1404.24,272.06,1748.07,0.72,0.13,0.13,0.04,0,15,13497.19,4953.49,191.22,0.11,14
C10644,1197.62,0.54,250.45,2284.12,1413.03,2981.73,0.21,0.08,0.27,0.11,0,14,3615.68,996.58,1169.94,0.1,34
C10645,8905.27,0.88,1806.65,471.93,1486.54,1371.06,0.33,0.34,0.22,0.2,1,13,,324.98,1227.36,0.3,10
C10646,5935.92,0.56,4784.43,1466.92,1358.67,133.04,0.72,0.26,0.22,0.23,1,11,13843.07,4344.99,1460.13,0.37,28
C10647,6791.02,0.91,2507.0,1295.66,512.11,3676.14,0.72,0.1,0.05,0.16,0,18,7492.24,1753.57,1524.81,0.16,29
C10648,7891.71,0.89,2169.32,1794.76,1747.36,3128.25,0.55,0.16,0.36,0.18,1,16,,4315.53,1543.84,0.05,18
C10649,4984.42,0.85,2293.92,2998.68,346.03,2903.78,0.69,0.3,0.11,0.06,4,15,7409.39,3375.0,1330.25,0.36,21
C10650,869.2,0.52,1052.32,2310.65,116.73,3708.42,0.07,0.04,0.1,0.09,0,14,6261.13,741.96,439.46,0.15,21
C10651,5371.07,0.65,1849.85,1199.62,1437.76,3376.15,0.69,0.07,0.21,0.05,2,10,9087.21,5599.57,814.43,0.08,17
C10652,5868.41,0.63,1855.37,2484.38,956.2,1029.41,0.26,0.04,0.11,0.07,0,9,7141.22,2768.65,,0.07,23
C10653,7454.39,0.68,271.25,520.42,1699.71,1762.41,0.14,0.41,0.29,0.07,0,13,1242.84,4433.24,1907.32,0.16,16
C10654,4316.6,0.54,3840.16,101.09,772.96,630.55,0.19,0.38,0.19,0.16,1,14,14915.97,3056.02,167.1,0.3,22
C10655,1275.8,0.97,2088.36,621.3,344.87,649.29,0.33,0.38,0.22,0.17,1,20,8609.56,3665.73,1075.72,0.18,12
C10656,2837.76,0.78,4112.68,1027.83,1674.52,3380.98,0.2,0.36,0.27,0.28,1,19,7630.83,1886.36,631.92,0.01,20
C10657,3630.82,0.65,4253.24,1536.64,1102.33,4293.0,0.26,0.33,0.1,0.06,1,12,,1282.13,458.53,0.05,11
C10658,6459.17,0.7,1067.85,1849.24,386.5,4813.66,0.11,0.24,0.08,0.19,2,15,3182.05,3301.16,1016.56,0.15,11
C10659,5707.78,0.72,3290.19,2732.71,1443.56,3141.74,0.24,0.32,0.44,0.25,1,18,3649.33,2697.29,1216.12,0.33,23
C10660,3560.97,0.8,2366.69,1534.46,1027.12,920.51,0.46,0.02,0.22,0.17,0,16,12312.21,2401.67,29.45,0.05,24
C10661,9865.15,0.76,4401.98,1508.81,1212.58,528.25,0.35,0.31,0.21,0.08,1,23,,4068.15,1562.61,0.28,25
C10662,6057.75,0.96,1086.55,160.23,927.19,4064.25,0.28,0.39,0.02,0.08,1,11,12189.18,4173.99,1641.57,0.06,24
C10663,2372.27,0.75,3392.29,114.39,1659.13,2893.78,0.6,0.25,0.25,0.01,1,23,4801.47,370.93,1931.37,0.11,7
C10664,1017.82,1.0,3042.68,1657.97,1660.83,3091.43,0.71,0.18,0.28,0.09,0,18,1464.63,2098.59,369.48,0.09,8
C10665,1528.59,0.93,1483.55,1320.15,1421.68,3907.31,0.61,0.14,0.28,0.22,2,15,,2529.41,1193.16,0.03,19
C10666,2459.58,0.6,691.64,2519.15,219.75,3516.39,0.27,0.32,0.35,0.01,0,16,3753.61,671.66,858.98,0.34,27
C10667,1606.81,0.97,3261.68,490.43,1679.32,4172.29,0.6,0.35,0.09,0.07,1,14,11609.85,1491.82,676.31,0.23,30
C10668,1865.67,0.56,3695.6,84.67,1345.32,281.07,0.12,0.44,0.13,0.21,0,19,9976.79,404.69,1135.61,0.42,9
C10669,2850.95,0.91,1584.98,1352.63,1397.08,3737.6,0.1,0.17,0.41,0.23,0,11,13930.44,5977.83,1566.94,0.05,27
C10670,1733.74,0.69,3227.71,720.06,732.34,4254.26,0.28,0.38,0.47,0.14,2,16,11961.84,4445.69,55.88,0.07,22
C10671,8967.65,0.94,1981.7,158.35,1759.77,1430.68,0.65,0.28,0.07,0.21,0,13,3530.86,615.96,1939.11,0.15,33
C10672,802.34,0.93,3568.9,2176.55,1453.49,3202.24,0.2,0.44,0.25,0.12,3,15,12202.22,219.47,1621.66,0.38,11
C10673,5245.11,0.9,1004.08,343.66,234.06,1570.81,0.05,0.26,0.11,0.05,1,11,9984.32,4343.8,1504.8,0.15,33
C10674,4103.97,0.9,4452.17,1828.88,821.48,4789.86,0.11,0.26,0.03,0.12,1,11,10365.32,2691.23,1523.17,0.2,24
C10675,9823.79,0.65,1444.17,850.34,1773.9,167.12,0.69,0.29,0.16,0.17,1,13,12651.68,4742.1,784.23,0.15,14
C10676,1120.39,0.54,1845.25,528.75,103.92,2898.96,0.51,0.37,0.07,0.28,1,18,9033.54,5548.51,1505.72,0.04,9
C10677,3978.56,0.7,299.88,1145.46,1923.22,832.52,0.2,0.48,0.35,0.02,2,21,7524.05,3635.87,779.67,0.47,12
C10678,9694.7,0.59,566.45,2406.32,1361.53,3561.1,0.44,0.04,0.27,0.15,1,12,9912.97,1203.94,1798.43,0.27,9
C10679,8655.07,0.85,2584.15,1182.36,1266.44,879.45,0.42,0.03,0.07,0.1,2,17,5171.4,4714.94,362.67,0.39,16
C10680,8170.72,0.67,1345.29,2254.8,548.41,1176.92,0.52,0.47,0.0,0.15,1,9,3556.36,5739.29,591.77,0.33,27
C10681,2579.03,0.99,4179.05,385.2,505.1,2471.85,0.19,0.26,0.4,0.01,0,18,9632.23,3523.36,1107.16,0.26,35
C10682,1708.88,0.82,83.32,2320.59,1884.7,4574.17,0.69,0.31,0.09,0.09,1,8,,4123.78,645.23,0.04,28
C10683,6686.43,0.91,1901.68,718.43,603.56,1058.57,0.25,0.24,0.3,0.25,2,12,2118.81,2091.1,854.23,0.32,7
C10684,9293.76,0.57,1693.35,2035.41,1553.26,721.2,0.56,0.05,0.17,0.17,1,11,1007.76,2351.01,989.92,0.08,15
C10685,5567.63,0.93,106.44,1701.69,792.31,3794.88,0.01,0.38,0.29,0.14,2,13,9516.47,4434.46,1714.14,0.21,11
C10686,5716.13,0.96,630.6,2788.14,287.12,2503.1,0.3,0.37,0.16,0.09,0,11,6070.08,5573.85,1051.15,0.31,13
C10687,2799.79,0.74,2074.08,1168.09,31.32,4558.93,0.28,0.16,0.04,0.09,0,19,11532.35,3811.03,731.3,0.39,20
C10688,7694.93,0.8,2469.39,207.83,1093.07,733.07,0.43,0.15,0.11,0.11,2,9,6252.47,4760.1,502.99,0.34,18
C10689,1870.44,0.88,2027.41,67.27,1951.8,3229.64,0.06,0.42,0.09,0.25,0,18,7804.05,1112.65,823.27,0.34,34
C10690,3236.79,0.59,2659.38,2482.31,744.58,1164.4,0.63,0.04,0.21,0.29,2,16,6699.19,1350.56,1036.31,0.07,33
C10691,4254.36,0.75,2979.71,1578.96,720.81,783.8,0.17,0.44,0.33,0.13,1,18,10108.05,3239.0,1494.77,0.17,27
C10692,5076.1,0.7,59.52,2327.98,694.74,3417.15,0.54,0.13,0.13,0.12,2,14,5985.95,1141.67,250.89,0.02,7
C10693,2424.1,0.57,2325.83,710.93,1045.88,2968.42,0.64,0.3,0.01,0.25,2,13,14492.75,3846.47,451.0,0.36,25
C10694,1148.37,0.68,4817.86,1041.8,886.92,3774.14,0.45,0.47,0.26,0.13,1,12,14106.06,1820.75,765.51,0.48,6
C10695,6106.2,0.53,2599.97,100.01,1761.03,1547.31,0.59,0.34,0.3,0.17,1,17,12872.39,4770.04,727.19,0.13,20
C10696,2886.31,0.51,3390.94,2884.86,1015.99,2239.86,0.53,0.21,0.48,0.07,1,18,13884.2,4867.85,789.58,0.04,12
C10697,5812.38,0.57,1566.2,2006.93,1020.44,2027.36,0.28,0.34,0.29,0.22,0,12,,2836.35,1589.11,0.24,29
C10698,1543.63,0.98,3872.22,2800.28,285.36,4920.45,0.65,0.17,0.24,0.16,1,16,8510.03,1166.78,655.07,0.43,31
C10699,4811.4,0.77,3866.88,803.83,1965.65,1461.24,0.24,0.14,0.29,0.24,1,25,11389.3,3915.97,1008.78,0.28,23
C10700,5325.89,0.98,2611.27,1838.28,507.45,1474.09,0.46,0.5,0.46,0.23,2,21,10746.04,5957.44,,0.02,15
C10701,518.24,0.72,4880.31,2038.71,155.99,1772.74,0.6,0.38,0.41,0.06,0,21,13469.5,3773.29,472.04,0.49,20
C10702,3366.04,0.66,636.5,959.47,1329.66,2822.97,0.3,0.32,0.16,0.21,3,19,11028.63,311.07,1440.2,0.41,10
C10703,1344.15,0.75,94.57,2545.85,1194.78,1261.61,0.24,0.18,0.12,0.24,0,14,14970.39,202.03,1098.75,0.07,32
C10704,633.75,0.72,3853.09,2842.01,836.14,4576.45,0.37,0.02,0.13,0.1,1,12,5879.08,1990.14,899.09,0.46,29
C10705,9899.6,0.55,4037.71,2655.72,850.16,1328.43,0.65,0.02,0.25,0.05,1,19,12661.97,1255.12,1621.47,0.23,16
C10706,3223.54,0.82,609.83,2219.81,1572.28,4479.08,0.74,0.28,0.37,0.0,2,13,,4897.0,494.56,0.19,13
C10707,8098.74,0.61,1335.26,839.62,399.47,517.38,0.44,0.38,0.25,0.14,2,16,10679.41,5084.35,1767.52,0.23,26
C10708,2546.41,0.81,97.59,852.03,1642.3,3282.81,0.53,0.27,0.03,0.11,3,12,,1625.85,1126.49,0.42,13
C10709,6815.03,0.83,1473.61,2890.45,1301.01,4534.93,0.72,0.42,0.36,0.17,1,17,,2021.3,1222.26,0.33,35
C10710,7602.28,0.58,3867.98,40.75,843.75,843.75,0.08,0.02,0.4,0.06,1,11,13605.26,1493.86,,0.03,11
C10711,5956.39,0.53,2594.62,2150.99,921.48,4841.63,0.19,0.18,0.14,0.26,2,16,4059.68,5459.46,1636.99,0.48,20
C10712,4715.76,0.89,1747.0,2121.68,520.73,2264.42,0.57,0.12,0.33,0.08,0,15,9756.96,3065.63,1207.11,0.07,20
C10713,4118.41,0.73,1864.98,1871.84,1506.71,4728.58,0.66,0.22,0.21,0.07,1,14,6489.89,3971.21,,0.37,10
C10714,3488.68,0.53,16.75,2970.43,1030.62,3384.1,0.69,0.04,0.44,0.14,1,14,14853.67,2551.34,872.31,0.32,18
C10715,9295.29,1.0,1506.0,942.52,648.5,1507.93,0.33,0.48,0.42,0.15,2,15,7703.66,3822.98,1099.28,0.09,19
C10716,8306.19,0.53,3235.83,1026.52,1196.14,941.51,0.07,0.11,0.26,0.06,1,10,4196.48,2376.55,133.52,0.09,16
C10717,9650.27,0.85,4871.23,246.03,1991.51,1518.68,0.35,0.46,0.35,0.08,2,12,6346.01,2104.1,188.82,0.44,25
C10718,1242.97,0.99,4236.83,1333.97,876.17,465.09,0.18,0.21,0.44,0.05,0,14,10153.74,3843.43,1660.56,0.21,26
C10719,7308.67,0.62,127.74,790.54,1842.18,719.34,0.23,0.49,0.25,0.22,1,17,2065.25,3587.27,128.75,0.33,17
C10720,9383.4,0.57,4493.82,1036.73,696.58,523.3,0.62,0.28,0.16,0.23,1,15,9450.43,1831.81,347.1,0.25,25
C10721,1812.33,0.56,3918.16,2505.37,118.92,2114.72,0.06,0.47,0.38,0.14,0,10,14037.15,981.16,1593.71,0.36,6
C10722,664.96,0.65,3904.08,2807.1,416.44,3977.89,0.66,0.0,0.11,0.21,1,15,12905.08,2274.6,12.28,0.24,8
C10723,7411.21,0.55,2295.4,565.34,843.2,706.92,0.34,0.37,0.19,0.22,1,13,1947.43,2549.67,571.98,0.14,13
C10724,5744.73,0.85,1996.05,1123.8,447.07,651.6,0.48,0.45,0.43,0.04,0,13,14907.46,3809.24,1172.24,0.18,28
C10725,8418.29,0.53,1521.55,2786.61,10.45,3217.14,0.07,0.07,0.36,0.29,2,18,10782.18,5495.72,1194.95,0.43,17
C10726,1397.72,0.75,337.82,194.81,1830.85,985.91,0.27,0.05,0.2,0.25,0,19,3271.93,313.49,1556.53,0.23,20
C10727,7952.67,1.0,1148.89,286.16,1689.32,488.05,0.07,0.21,0.11,0.06,2,16,1173.83,1537.6,1016.79,0.11,28
C10728,2016.27,0.91,1240.55,496.75,1487.16,834.24,0.77,0.47,0.18,0.06,2,18,3397.96,1242.92,1023.71,0.47,32
C10729,1636.56,0.81,2425.54,1789.69,343.95,4618.66,0.65,0.27,0.14,0.04,1,14,12734.46,3063.54,1453.37,0.4,8
C10730,1642.66,0.65,3739.75,459.91,249.52,4107.36,0.37,0.26,0.09,0.04,0,15,,2635.23,1002.26,0.03,30
C10731,8145.75,0.81,2374.31,2904.55,144.53,1770.32,0.18,0.07,0.37,0.22,1,15,4264.06,4401.32,1220.9,0.5,27
C10732,6651.97,0.76,298.64,1345.68,1450.82,3279.1,0.75,0.0,0.13,0.14,1,17,11602.28,1530.25,1796.57,0.35,13
C10733,5230.65,0.71,4789.37,1509.54,1858.33,2686.38,0.28,0.41,0.23,0.23,2,17,9205.55,3607.54,808.89,0.08,29
C10734,3588.3,0.57,4714.19,747.51,866.77,3385.62,0.13,0.04,0.19,0.22,1,11,11958.3,5314.76,776.4,0.12,24
C10735,8772.01,0.94,3928.1,1418.17,247.09,3413.36,0.45,0.32,0.49,0.18,1,16,11446.11,5473.0,17.06,0.35,25
C10736,3924.45,0.72,4956.73,1989.12,1029.66,3143.67,0.76,0.46,0.2,0.21,0,16,1708.42,5756.83,1230.72,0.39,35
C10737,8165.99,0.6,2726.97,2256.02,704.18,1330.51,0.0,0.1,0.04,0.01,1,25,13495.16,4662.24,69.25,0.12,11
C10738,4391.35,0.68,4814.21,2264.07,755.9,195.03,0.19,0.33,0.04,0.09,1,12,4178.45,5445.33,1013.26,0.13,23
C10739,3769.44,0.71,387.27,1737.89,1246.45,2277.83,0.75,0.04,0.3,0.19,2,16,8747.49,1483.73,1610.43,0.15,33
C10740,4626.8,0.91,1834.75,2714.04,1440.25,4454.87,0.14,0.3,0.3,0.0,3,15,10020.03,1265.73,1104.34,0.3,33
C10741,3013.78,0.87,1134.65,2454.05,230.1,2847.49,0.09,0.08,0.21,0.01,0,22,3360.79,138.28,546.58,0.09,16
C10742,7476.09,0.88,987.21,2273.57,80.82,4161.96,0.46,0.37,0.22,0.26,0,20,14667.24,4270.38,1574.48,0.05,17
C10743,5027.2,0.51,712.61,176.26,1988.72,4958.12,0.69,0.15,0.03,0.21,0,20,7834.18,5631.06,546.74,0.34,28
C10744,2322.13,0.71,3115.84,30.57,473.13,818.08,0.38,0.23,0.26,0.08,2,16,1807.0,1202.92,1468.73,0.39,7
C10745,8995.75,0.74,3908.8,645.22,117.12,3458.89,0.8,0.3,0.25,0.21,2,15,14121.67,3857.97,1224.41,0.25,32
C10746,3838.91,0.51,2895.71,1993.94,387.85,3371.47,0.54,0.09,0.07,0.24,0,22,9207.75,4504.11,348.29,0.18,10
C10747,5435.53,0.63,743.34,1239.48,87.53,4899.78,0.06,0.37,0.05,0.09,3,11,10788.7,5572.92,1811.22,0.22,33
C10748,9064.72,0.88,4057.51,1213.19,789.7,4928.0,0.79,0.15,0.06,0.01,0,12,8352.46,3916.48,,0.19,9
C10749,6242.38,0.57,3183.41,2654.91,1606.78,3433.39,0.33,0.33,0.05,0.28,0,16,12686.33,5824.73,1979.28,0.48,14
C10750,1168.98,0.77,1946.95,2687.73,689.08,1218.07,0.23,0.08,0.3,0.1,2,5,1463.87,2133.57,24.55,0.38,18
C10751,9398.32,0.61,3373.91,2728.43,893.92,3992.78,0.45,0.34,0.1,0.03,2,19,4757.3,2164.58,,0.1,18
C10752,6277.08,0.51,1306.93,948.5,1354.42,535.15,0.24,0.06,0.13,0.15,1,13,7575.08,3303.77,407.72,0.19,20
C10753,3349.06,0.62,1732.51,2076.26,1022.7,3903.5,0.07,0.21,0.09,0.23,1,16,2072.45,2362.66,37.85,0.27,7
C10754,1392.72,0.99,4588.25,822.18,1724.28,4550.98,0.0,0.12,0.48,0.07,1,17,10882.69,108.41,1467.41,0.31,28
C10755,7940.25,0.9,1459.62,579.92,1733.41,1914.17,0.36,0.37,0.43,0.08,2,14,6511.29,4417.45,1389.92,0.23,18
C10756,6200.73,0.98,2355.24,562.05,29.72,3153.18,0.67,0.13,0.12,0.07,2,10,4817.35,4535.13,1586.78,0.41,12
C10757,5334.61,0.74,4451.8,1032.9,1558.31,2150.71,0.46,0.44,0.16,0.3,2,9,1047.3,4507.15,520.83,0.38,28
C10758,8938.93,0.55,3541.53,1295.57,926.86,2188.83,0.8,0.45,0.1,0.06,1,12,11077.62,2135.62,894.23,0.25,22
C10759,7885.97,0.77,320.39,2494.54,1977.79,1551.85,0.23,0.1,0.25,0.17,3,8,12673.33,3181.51,1321.64,0.43,13
C10760,1516.75,0.73,745.04,368.47,971.63,3810.65,0.22,0.31,0.01,0.28,3,15,6530.57,2223.84,885.14,0.38,23
C10761,3117.22,0.92,49.13,2207.43,1973.92,4680.88,0.13,0.04,0.34,0.04,3,8,8899.05,194.61,1397.68,0.39,20
C10762,2484.89,0.55,3158.3,1599.05,1511.59,4703.75,0.13,0.2,0.26,0.29,1,17,4187.61,3418.45,,0.48,20
C10763,7439.46,0.74,2243.89,870.96,504.72,873.91,0.23,0.36,0.45,0.28,0,12,9710.77,830.19,238.15,0.13,10
C10764,335.32,0.58,680.03,1483.53,1081.41,4373.72,0.63,0.33,0.08,0.27,2,22,1169.92,572.24,1564.28,0.13,7
C10765,5698.9,0.66,4790.09,906.83,1984.35,3687.16,0.72,0.31,0.4,0.06,0,18,7841.01,4557.44,1444.15,0.44,21
C10766,7624.59,0.87,2653.0,1792.29,1716.49,1264.19,0.78,0.14,0.4,0.19,0,18,10018.88,156.09,1315.11,0.39,34
C10767,8767.66,0.74,1217.05,1307.19,203.76,336.42,0.19,0.19,0.06,0.23,1,11,13854.68,5758.15,318.64,0.46,10
C10768,3420.82,0.69,2508.01,501.57,1415.68,1339.99,0.71,0.05,0.2,0.3,1,19,6338.7,3140.01,543.31,0.03,28
C10769,8212.57,0.7,3401.31,358.58,697.7,4561.04,0.26,0.36,0.09,0.05,1,16,11712.66,5899.8,792.42,0.31,11
C10770,1106.32,0.73,390.43,1644.62,23.89,3165.89,0.09,0.25,0.13,0.23,0,12,9367.62,442.19,567.06,0.07,34
C10771,8464.52,0.89,1380.77,2708.21,812.93,3605.27,0.7,0.35,0.13,0.1,1,25,13978.17,3542.82,463.34,0.25,17
C10772,1274.89,0.95,4036.76,1038.43,477.16,1285.76,0.51,0.12,0.28,0.05,3,10,6577.29,2161.03,1612.66,0.08,10
C10773,3972.87,0.98,2303.73,2201.67,1639.55,3596.94,0.13,0.16,0.21,0.13,0,8,5467.33,5076.55,1280.08,0.06,25
C10774,7972.95,0.89,2737.42,1979.4,681.29,140.61,0.34,0.17,0.47,0.24,0,11,13419.99,2231.21,1135.29,0.01,13
C10775,1499.17,0.66,2169.75,2795.35,1656.77,1876.61,0.23,0.01,0.06,0.14,3,20,1689.42,1636.88,459.65,0.32,16
C10776,2292.51,0.84,229.06,2464.73,11.19,3133.77,0.59,0.17,0.49,0.16,1,21,,5159.56,1836.97,0.18,19
C10777,7222.53,0.72,837.09,1704.15,622.56,730.48,0.36,0.4,0.12,0.3,2,14,2153.66,2310.45,390.45,0.05,29
C10778,7200.37,0.63,2233.25,1974.52,489.92,4115.02,0.79,0.45,0.39,0.12,1,8,12803.54,199.32,1591.95,0.16,22
C10779,6411.48,0.92,1053.84,2696.18,474.8,1175.16,0.04,0.26,0.17,0.18,0,17,1148.5,2402.71,1933.68,0.08,15
C10780,6939.48,0.52,259.4,1204.56,145.69,3261.41,0.28,0.23,0.07,0.11,2,14,13063.2,3961.68,1456.91,0.47,7
C10781,5427.24,0.95,4219.81,987.12,382.38,2025.99,0.39,0.02,0.43,0.12,0,12,7317.75,1600.72,1985.79,0.16,8
C10782,2517.99,0.73,4906.15,42.33,1115.54,2980.22,0.4,0.44,0.15,0.21,0,12,1056.35,2648.73,1305.59,0.17,18
C10783,3456.96,0.82,3967.78,2481.39,589.81,537.25,0.25,0.01,0.33,0.28,1,23,6623.03,434.62,442.75,0.42,22
C10784,1815.98,0.83,4270.39,2404.93,840.62,84.56,0.58,0.47,0.28,0.16,3,26,3615.21,3569.75,415.6,0.32,32
C10785,9084.51,0.95,1217.47,322.32,759.97,4547.82,0.7,0.24,0.24,0.23,1,19,9741.61,4562.14,655.88,0.36,8
C10786,5833.92,0.82,4803.53,1734.8,1753.05,1348.15,0.75,0.17,0.25,0.03,0,13,10511.02,2538.54,24.19,0.32,15
C10787,4008.51,0.81,992.66,1397.31,1811.55,4098.39,0.64,0.46,0.37,0.06,0,16,7825.39,2579.37,1366.58,0.47,33
C10788,4620.06,0.53,4757.63,364.94,990.98,4996.75,0.68,0.01,0.04,0.15,1,17,1567.27,620.87,544.65,0.1,13
C10789,9472.83,0.76,4974.15,2941.9,667.01,1057.16,0.44,0.29,0.33,0.01,0,7,,1291.45,1632.21,0.49,9
C10790,1533.51,0.58,3561.5,651.94,222.53,1325.85,0.66,0.27,0.45,0.08,0,14,12788.54,1012.58,724.75,0.42,18
C10791,5862.3,0.87,4905.91,211.03,1907.27,3314.3,0.24,0.11,0.03,0.16,1,21,11084.54,2941.96,965.11,0.29,34
C10792,5058.89,0.76,2852.0,1788.59,129.85,4827.24,0.32,0.21,0.07,0.0,1,16,12619.41,3222.61,1931.72,0.33,12
C10793,6114.54,0.84,1305.11,2219.21,602.32,4579.07,0.25,0.33,0.36,0.08,0,12,3807.13,5698.75,491.92,0.32,12
C10794,181.1,0.52,2190.61,107.01,603.15,2514.38,0.37,0.36,0.22,0.15,1,15,13444.43,532.07,1445.3,0.03,21
C10795,8721.24,0.54,2971.87,1979.57,647.6,3975.55,0.23,0.0,0.2,0.17,1,16,5510.71,3639.22,1512.68,0.11,32
C10796,9321.18,0.86,374.68,1601.55,336.93,678.73,0.77,0.47,0.07,0.28,0,11,1187.67,3206.34,449.79,0.48,10
C10797,5651.33,0.54,3115.49,318.76,1568.49,4887.19,0.25,0.08,0.25,0.19,0,8,12807.48,3145.78,1006.98,0.27,33
C10798,6966.51,0.54,4906.08,525.85,253.77,4821.77,0.08,0.12,0.06,0.12,0,21,14185.5,5251.64,706.9,0.19,22
C10799,9224.99,0.51,958.64,1708.24,1273.46,818.64,0.42,0.13,0.24,0.28,0,17,10177.81,1312.68,1546.09,0.38,15
C10800,7072.39,0.98,3965.05,896.11,256.45,1497.12,0.05,0.02,0.38,0.24,2,17,4240.11,340.56,1248.74,0.26,9
C10801,1525.39,0.87,4540.41,2815.56,150.37,500.77,0.09,0.06,0.13,0.06,2,15,4524.42,4066.4,957.21,0.01,28
C10802,5762.88,0.68,4719.07,2458.03,1819.76,1358.59,0.18,0.49,0.24,0.04,2,15,7532.3,2136.43,1560.93,0.37,19
C10803,6067.15,0.65,4801.08,2950.87,388.36,4079.78,0.37,0.16,0.5,0.2,1,25,13569.64,203.78,477.96,0.37,10
C10804,4241.31,0.67,2612.08,786.42,1644.29,1891.58,0.35,0.06,0.34,0.17,1,19,3094.37,1583.11,1509.71,0.08,7
C10805,7364.44,0.89,4886.77,2909.47,1093.82,441.98,0.64,0.05,0.42,0.24,2,15,12563.63,1925.03,1732.09,0.48,19
C10806,9343.67,0.83,3788.98,1299.39,164.93,1711.13,0.59,0.36,0.21,0.22,1,10,5078.24,3739.35,1758.46,0.11,29
C10807,9255.69,0.59,816.74,1049.08,1911.34,4906.92,0.34,0.43,0.38,0.19,0,16,12320.21,1118.26,1569.51,0.23,23
C10808,4508.39,0.59,2389.73,160.55,501.45,3148.42,0.27,0.13,0.02,0.3,0,13,13883.8,2537.02,821.95,0.06,32
C10809,1132.38,0.55,3594.47,167.77,1720.69,2080.8,0.25,0.01,0.06,0.16,0,11,6984.91,2946.61,1963.8,0.3,29
C10810,9848.41,0.83,1244.23,2079.11,345.93,832.69,0.62,0.11,0.1,0.03,1,27,6110.71,2809.5,765.39,0.19,34
C10811,8388.98,0.88,3206.67,1379.21,1709.35,4930.88,0.04,0.03,0.2,0.25,1,11,12231.1,5846.25,1280.86,0.18,16
C10812,1246.63,0.63,3336.34,687.3,36.33,4104.25,0.01,0.05,0.42,0.08,1,18,8412.76,368.48,330.54,0.41,21
C10813,9208.42,0.51,821.87,1845.77,1028.44,1407.39,0.64,0.22,0.17,0.23,0,24,10582.29,5710.71,1961.09,0.0,23
C10814,8698.96,0.54,2829.78,766.05,1541.19,350.34,0.38,0.11,0.33,0.29,4,17,9719.61,3533.43,1410.93,0.4,32
C10815,5188.38,0.98,3860.42,1737.12,1870.24,283.13,0.1,0.26,0.35,0.21,0,17,3140.44,4794.79,1509.22,0.29,21
C10816,5912.75,0.65,2499.49,1084.03,1819.31,601.89,0.19,0.13,0.29,0.18,4,12,12827.07,2639.32,140.9,0.49,26
C10817,3990.03,0.88,70.39,2472.42,1641.05,2903.84,0.75,0.47,0.18,0.14,0,19,3740.85,2777.64,1529.2,0.29,9
C10818,547.62,0.81,55.1,2463.88,1777.5,4643.82,0.69,0.45,0.29,0.11,2,16,14051.95,5288.03,1551.7,0.03,6
C10819,3351.97,0.69,1791.58,1437.28,406.45,2483.72,0.57,0.28,0.17,0.11,0,19,4508.0,5386.01,,0.03,19
C10820,8028.53,0.6,4631.71,1058.95,575.53,4214.73,0.39,0.18,0.04,0.19,0,19,11274.33,1508.26,590.9,0.44,17
C10821,46.32,0.56,1151.1,1094.05,585.05,2229.43,0.42,0.19,0.5,0.23,0,11,4985.18,1275.53,984.48,0.42,29
C10822,3334.99,0.81,3175.47,2419.09,760.34,3542.92,0.78,0.21,0.06,0.2,0,12,5449.0,3027.79,,0.17,15
C10823,3981.69,0.89,1118.16,991.26,792.71,3659.36,0.77,0.36,0.04,0.06,1,13,5340.03,5411.63,948.46,0.31,33
C10824,5373.96,0.82,1615.13,635.09,1093.67,869.82,0.17,0.23,0.44,0.15,0,17,11470.49,2001.9,495.21,0.24,24
C10825,9198.56,0.77,4241.73,263.22,328.16,1806.08,0.65,0.43,0.15,0.24,0,17,8795.41,3946.89,704.7,0.48,34
C10826,3463.46,0.52,3647.02,1405.41,1385.58,3186.51,0.16,0.47,0.33,0.14,1,17,13361.33,4278.09,333.57,0.47,9
C10827,3469.53,0.98,486.04,1451.57,343.46,353.48,0.17,0.17,0.16,0.16,0,17,5303.22,4694.18,467.81,0.49,25
C10828,7375.01,0.9,2149.22,2524.32,627.51,1807.7,0.54,0.28,0.2,0.23,0,17,10687.9,3427.15,162.37,0.43,26
C10829,4522.18,0.65,155.56,671.5,1011.66,2674.0,0.32,0.05,0.13,0.2,0,14,11541.28,2474.49,1840.6,0.45,8
C10830,2246.05,0.99,2409.64,1149.16,1594.92,4981.12,0.75,0.1,0.17,0.12,1,17,3120.75,5805.39,1065.52,0.11,30
C10831,4524.4,0.8,3315.55,2427.13,1481.54,2372.67,0.07,0.21,0.21,0.27,2,13,6608.25,3706.85,799.52,0.42,9
C10832,1408.57,0.79,601.33,2472.63,1294.61,4080.28,0.41,0.1,0.36,0.05,1,17,7759.44,4398.53,1074.71,0.35,35
C10833,1763.87,0.87,1451.54,1159.99,319.99,2160.34,0.73,0.44,0.26,0.3,1,13,5979.62,2135.4,1260.3,0.48,31
C10834,4983.68,0.91,1995.2,1382.78,1098.62,3981.95,0.72,0.08,0.47,0.04,3,15,5509.58,4052.7,1844.54,0.29,20
C10835,4189.25,0.83,4598.46,916.82,184.02,2977.07,0.13,0.23,0.02,0.0,0,15,10609.88,1621.01,365.6,0.04,16
C10836,9148.46,0.56,4966.34,2798.34,760.95,4432.98,0.29,0.3,0.25,0.27,3,17,4022.13,1546.07,598.15,0.3,21
C10837,3623.94,0.67,234.11,364.74,832.9,2054.71,0.5,0.35,0.29,0.07,0,10,,4316.86,1951.82,0.34,32
C10838,5805.88,0.96,3807.43,2801.91,89.22,3021.52,0.13,0.19,0.46,0.22,1,14,14090.62,3176.23,,0.11,9
C10839,6322.64,0.61,1864.9,2054.76,555.24,3150.09,0.77,0.43,0.02,0.24,0,20,,4131.33,54.9,0.2,11
C10840,130.94,0.69,1968.37,1599.4,1911.74,2086.91,0.73,0.28,0.29,0.26,0,20,9560.08,1689.69,303.81,0.3,13
C10841,6635.37,0.72,3773.78,107.65,1907.73,721.56,0.13,0.22,0.43,0.3,3,9,1965.06,3632.47,62.41,0.19,18
C10842,1780.36,0.72,4592.95,1432.03,711.13,467.8,0.1,0.03,0.12,0.09,2,18,13102.68,2719.21,1979.95,0.19,28
C10843,9610.7,0.81,4755.13,1229.17,95.77,83.36,0.07,0.23,0.44,0.21,1,15,4996.27,3622.07,564.95,0.07,25
C10844,1486.63,0.97,2889.84,492.04,366.4,4367.67,0.73,0.41,0.01,0.03,0,13,9610.72,1816.19,1847.85,0.47,9
C10845,4146.24,0.62,1792.03,1972.66,790.51,1182.37,0.15,0.31,0.37,0.12,1,11,14707.57,4321.16,1991.81,0.38,10
C10846,853.5,0.56,3939.87,2913.74,1896.08,1057.53,0.33,0.42,0.47,0.25,1,18,9337.04,4854.98,1203.68,0.0,15
C10847,9968.74,0.6,1262.5,1690.94,290.99,3680.18,0.36,0.25,0.33,0.11,0,17,11145.93,1633.51,76.06,0.38,10
C10848,5021.95,0.94,2824.73,2147.11,1529.4,1600.08,0.48,0.06,0.22,0.18,0,22,7234.47,1873.66,172.37,0.37,17
C10849,5953.85,0.82,1799.31,214.67,226.28,2530.22,0.06,0.01,0.02,0.15,2,13,1845.12,4000.81,968.36,0.0,6
C10850,670.76,0.64,3286.59,1258.82,1962.7,812.56,0.18,0.15,0.46,0.19,1,8,12166.39,4203.95,818.28,0.18,34
C10851,7499.6,0.91,1209.59,357.91,769.42,4798.73,0.75,0.35,0.24,0.29,0,9,1489.98,4254.19,1216.29,0.3,29
C10852,2099.06,0.93,966.05,1842.26,1552.72,4257.91,0.73,0.4,0.01,0.02,1,20,10809.21,4127.92,883.31,0.23,15
C10853,8980.54,0.92,4592.01,2816.06,691.76,4318.95,0.63,0.15,0.34,0.17,0,16,1320.9,2417.57,1868.81,0.39,34
C10854,2051.4,0.96,518.0,1988.72,1259.06,2033.87,0.02,0.25,0.24,0.26,1,12,13072.27,2429.64,1074.13,0.21,10
C10855,1906.88,0.63,2534.73,239.64,392.11,3811.81,0.26,0.21,0.06,0.14,0,14,3206.9,1603.42,1390.51,0.08,24
C10856,365.5,0.88,1112.06,1070.45,300.58,719.38,0.5,0.21,0.11,0.02,1,15,8199.8,1025.32,1794.01,0.49,24
C10857,4720.67,0.73,204.26,1656.48,1876.75,43.1,0.22,0.12,0.03,0.17,2,9,9360.11,4186.21,302.28,0.12,25
C10858,5648.41,0.92,189.73,1215.59,1836.12,99.86,0.73,0.07,0.29,0.1,1,18,7405.64,649.81,467.17,0.36,17
C10859,657.09,0.86,884.36,2502.6,1776.06,2933.01,0.51,0.1,0.31,0.05,0,15,5770.69,5632.97,223.56,0.07,28
C10860,7755.28,0.89,4335.18,2445.87,1254.61,2276.97,0.06,0.03,0.25,0.25,1,19,,4977.45,287.88,0.16,21
C10861,4532.89,0.83,1419.57,1839.37,1618.45,2590.08,0.73,0.1,0.41,0.16,2,14,5359.82,5159.28,1030.04,0.22,10
C10862,5243.9,0.59,4752.79,1126.64,147.38,37.32,0.77,0.0,0.43,0.28,0,22,7133.71,5449.35,649.15,0.1,22
C10863,4407.63,0.77,2912.3,773.46,676.23,2113.43,0.06,0.31,0.31,0.24,0,14,6024.78,2510.77,852.11,0.22,19
C10864,4007.63,0.99,2188.7,326.56,634.27,3590.34,0.43,0.16,0.01,0.21,0,8,8926.87,5095.53,1965.15,0.08,17
C10865,5596.4,0.97,2904.64,1071.14,1274.93,2213.47,0.24,0.49,0.35,0.0,0,12,4330.94,1032.56,321.84,0.28,18
C10866,1552.4,0.52,2588.32,1245.39,718.36,3661.1,0.31,0.1,0.21,0.13,2,14,14841.19,227.69,1086.22,0.33,26
C10867,1819.28,0.58,3796.29,2030.71,305.53,1165.09,0.14,0.17,0.28,0.06,0,15,8012.18,4730.86,206.75,0.03,19
C10868,8617.86,0.57,1419.66,1977.9,1196.97,4065.71,0.46,0.18,0.32,0.27,1,15,3718.27,541.3,643.81,0.44,10
C10869,9461.15,0.86,1771.72,219.62,1630.62,2942.16,0.77,0.0,0.18,0.05,3,9,7678.93,5932.3,1059.78,0.09,27
C10870,3733.09,0.91,4471.53,1191.83,770.43,1053.82,0.4,0.42,0.46,0.09,1,23,13129.81,4081.3,1893.8,0.11,35
C10871,2707.45,0.61,4732.82,553.52,273.21,1183.6,0.07,0.02,0.07,0.16,1,15,1305.3,4545.35,788.54,0.33,28
C10872,6440.0,0.75,4463.87,478.87,401.41,3140.15,0.5,0.47,0.34,0.08,1,20,10513.76,1550.24,139.16,0.23,10
C10873,4087.34,0.92,2103.05,2483.63,482.59,4149.7,0.27,0.45,0.0,0.06,0,18,8671.55,4075.81,782.44,0.25,34
C10874,253.86,0.87,3904.02,135.33,606.8,2078.14,0.68,0.27,0.46,0.18,0,15,,355.0,300.02,0.06,32
C10875,1561.53,0.77,2386.92,1263.36,1289.16,1291.5,0.35,0.27,0.06,0.03,0,10,12444.67,5043.17,467.68,0.4,35
C10876,7159.72,0.8,2492.72,512.93,1205.88,4335.06,0.15,0.33,0.05,0.02,0,14,6164.38,1100.78,1240.0,0.31,23
C10877,6589.24,0.75,1031.35,2639.2,1395.2,3346.34,0.15,0.19,0.17,0.11,0,15,5113.23,4214.41,144.17,0.07,19
C10878,270.96,0.65,2959.74,1675.55,731.38,2240.43,0.62,0.32,0.19,0.22,0,18,12593.75,1424.43,934.8,0.19,23
C10879,2219.72,0.78,938.82,701.83,1649.76,2439.5,0.21,0.02,0.11,0.17,0,23,9939.35,503.87,1222.83,0.41,34
C10880,2310.75,0.84,1664.51,1512.26,416.13,1021.28,0.61,0.03,0.29,0.13,0,21,13575.63,2940.81,849.5,0.28,25
C10881,6718.93,0.94,4276.6,2197.14,943.39,3134.01,0.16,0.23,0.22,0.17,1,15,9818.37,1098.79,48.06,0.05,6
C10882,197.11,0.82,1043.31,2874.77,1603.87,1793.71,0.26,0.27,0.02,0.11,0,11,11371.45,4403.72,1971.18,0.19,12
C10883,1041.09,0.88,365.08,669.13,368.52,4978.23,0.37,0.44,0.16,0.28,2,11,12710.24,1501.64,740.56,0.12,34
C10884,7999.16,0.58,354.35,2659.68,228.63,2400.92,0.75,0.05,0.41,0.02,0,11,1766.35,2120.59,1559.37,0.26,22
C10885,1785.45,0.73,4704.51,2803.57,1768.53,2429.43,0.75,0.41,0.34,0.2,2,19,11864.69,3447.89,658.04,0.42,8
C10886,6527.46,0.5,2539.53,2750.1,692.43,2829.26,0.17,0.11,0.36,0.27,3,21,9591.89,1781.31,955.28,0.22,15
C10887,2381.83,0.62,2052.97,1909.89,1370.9,4583.78,0.29,0.2,0.35,0.24,1,17,1973.11,2330.13,783.04,0.22,12
C10888,994.41,0.86,4056.28,1893.16,60.44,4004.09,0.12,0.16,0.16,0.06,1,14,8120.09,4912.17,691.65,0.45,32
C10889,2431.72,1.0,4180.77,1215.6,1383.19,2255.65,0.41,0.2,0.05,0.09,1,18,2154.41,1157.34,53.48,0.29,33
C10890,7222.67,0.55,1667.63,2259.67,639.04,3593.5,0.37,0.08,0.14,0.22,2,18,11303.26,584.99,726.44,0.28,17
C10891,8556.96,0.7,3471.15,1598.57,120.92,2931.18,0.72,0.25,0.42,0.03,1,11,8651.02,2037.31,1780.09,0.13,27
C10892,8302.2,0.9,3857.9,2035.54,1223.53,2461.84,0.74,0.4,0.49,0.24,1,18,14350.03,2603.82,1383.88,0.3,20
C10893,3971.84,0.6,3276.71,1291.09,489.2,961.58,0.31,0.22,0.25,0.22,0,19,3563.9,3301.69,299.39,0.29,28
C10894,6680.85,0.78,766.46,2197.17,779.75,2319.68,0.39,0.25,0.0,0.22,3,15,9484.47,2297.3,,0.2,26
C10895,2049.84,0.87,4380.66,2475.17,170.36,1229.09,0.72,0.42,0.07,0.03,1,10,3962.15,4760.48,1785.54,0.5,21
C10896,2931.48,0.81,2700.08,447.84,302.85,4574.21,0.65,0.35,0.16,0.22,0,8,9596.91,331.98,1403.07,0.44,13
C10897,8963.36,0.59,1419.54,2500.46,602.97,1677.03,0.0,0.25,0.29,0.2,0,15,11117.1,2647.43,305.88,0.37,11
C10898,130.02,0.68,2131.89,1625.49,188.62,4761.32,0.26,0.13,0.04,0.25,2,10,11112.26,2355.31,1736.99,0.27,33
C10899,855.09,0.89,197.48,2535.55,1822.54,2665.28,0.34,0.44,0.47,0.01,0,11,12411.04,3920.71,610.07,0.23,9
C10900,2078.86,0.78,648.06,1299.59,22.03,3157.72,0.18,0.29,0.18,0.01,0,11,12949.7,5801.03,913.61,0.09,35
C10901,265.32,0.5,3830.08,1143.33,972.88,2714.7,0.16,0.11,0.46,0.11,1,17,2081.8,3111.21,1057.02,0.15,16
C10902,1814.35,0.88,10.06,2746.03,255.26,646.9,0.03,0.13,0.39,0.04,0,18,,5922.57,1702.51,0.39,22
C10903,5830.42,0.52,2088.66,761.0,622.28,1879.11,0.51,0.4,0.38,0.17,1,10,10619.72,1883.27,1863.9,0.23,7
C10904,4214.25,0.87,2617.33,2534.19,1852.86,495.73,0.21,0.02,0.3,0.28,2,20,7980.21,282.12,1860.01,0.44,33
C10905,8926.72,0.6,282.63,1457.22,331.77,3114.77,0.04,0.5,0.31,0.12,2,10,3669.46,1077.41,25.83,0.07,11
C10906,8174.44,0.98,4865.66,1547.15,1932.01,2234.37,0.18,0.07,0.32,0.25,0,16,8737.93,2431.24,,0.25,9
C10907,3418.17,0.68,1138.37,932.32,419.53,3889.92,0.64,0.4,0.31,0.0,1,14,6704.1,1966.37,118.23,0.32,8
C10908,2594.23,0.66,1527.95,1723.4,1485.72,1102.35,0.68,0.2,0.28,0.05,0,12,6460.54,672.62,538.89,0.26,12
C10909,3796.92,0.57,1526.67,982.38,1097.89,822.83,0.39,0.25,0.49,0.01,1,10,12336.55,2652.69,1034.83,0.44,12
C10910,5902.95,0.65,1159.78,127.42,1770.11,2031.66,0.33,0.44,0.37,0.1,3,9,6706.38,2094.88,965.05,0.49,21
C10911,2680.64,0.94,17.35,823.28,1112.45,4632.93,0.78,0.21,0.39,0.27,2,13,,823.45,1213.37,0.06,7
C10912,6241.49,1.0,3649.43,29.07,1073.77,3552.11,0.16,0.27,0.44,0.03,0,13,1812.89,1847.09,964.1,0.06,13
C10913,4094.12,0.68,4834.56,2935.28,398.96,2094.62,0.17,0.02,0.11,0.18,0,13,12987.42,5329.97,1869.41,0.07,20
C10914,5520.47,0.72,1129.22,2897.58,340.8,2586.36,0.23,0.0,0.04,0.14,2,10,14448.41,1882.09,488.69,0.34,32
C10915,4361.27,0.86,3318.61,1191.51,1833.81,421.07,0.14,0.12,0.24,0.28,1,11,10637.73,4312.34,555.31,0.19,21
C10916,2944.66,0.94,3712.06,2187.83,662.4,4922.88,0.3,0.34,0.26,0.04,2,10,6101.16,3711.08,,0.37,6
C10917,9484.53,0.8,4243.64,1043.96,750.44,3332.04,0.73,0.06,0.41,0.06,1,12,14140.4,2620.37,162.71,0.2,32
C10918,7636.06,0.7,2118.92,2016.57,1522.05,1427.02,0.49,0.06,0.22,0.01,3,9,10279.24,1510.25,1223.03,0.31,15
C10919,1401.13,0.71,1521.63,2418.24,684.26,2929.04,0.33,0.21,0.29,0.13,0,8,12820.67,2277.19,1366.65,0.38,12
C10920,8684.68,0.85,1633.22,2840.8,1904.6,547.41,0.75,0.32,0.26,0.08,1,20,11721.93,3593.43,1016.03,0.27,21
C10921,4874.31,0.5,3565.98,1206.63,1478.48,4829.18,0.04,0.36,0.02,0.26,3,18,6307.95,2169.44,1391.52,0.27,15
C10922,8945.52,0.81,4085.73,2352.06,1198.88,873.92,0.17,0.09,0.31,0.18,3,13,7701.83,1367.89,353.78,0.04,17
C10923,7998.55,0.68,916.25,805.13,1762.98,3240.15,0.45,0.04,0.41,0.18,0,22,3605.85,787.13,1706.74,0.21,22
C10924,4252.14,0.9,1861.0,2971.09,108.72,1227.27,0.49,0.47,0.08,0.16,0,12,5088.2,5290.62,288.65,0.27,18
C10925,224.69,0.55,4510.68,87.05,521.55,3587.81,0.03,0.13,0.3,0.03,3,19,11893.76,2697.85,807.62,0.23,17
C10926,2686.77,0.79,4035.4,1814.55,935.42,3884.11,0.32,0.43,0.3,0.13,0,13,13515.7,3788.73,159.76,0.45,20
C10927,5416.34,0.74,4924.44,1981.92,461.69,3367.1,0.52,0.43,0.08,0.3,4,9,11142.45,2993.42,1094.97,0.45,19
C10928,6334.78,0.82,3773.7,2067.26,1490.37,3072.5,0.56,0.39,0.06,0.25,2,15,7512.43,5248.14,1342.79,0.41,24
C10929,2578.88,0.53,1972.04,369.96,1839.22,4462.35,0.51,0.08,0.49,0.27,0,22,2211.13,3326.92,1883.03,0.19,24
C10930,1393.56,0.79,2957.28,2816.2,853.3,393.13,0.26,0.41,0.2,0.25,0,18,1797.27,2936.61,1481.28,0.36,31
C10931,8349.3,0.78,3308.46,551.74,690.84,1654.57,0.07,0.38,0.11,0.03,0,15,6240.56,5555.15,1086.79,0.2,19
C10932,9844.02,0.78,401.49,1872.03,1923.49,1241.44,0.34,0.3,0.09,0.07,1,19,7493.5,4346.17,,0.12,23
C10933,5256.9,0.8,2727.04,675.8,895.26,4940.07,0.1,0.17,0.33,0.0,0,16,9527.69,758.14,962.09,0.17,35
C10934,1716.79,0.84,3549.51,928.58,983.21,1946.95,0.76,0.13,0.3,0.09,0,16,1090.85,1148.46,1126.8,0.04,31
C10935,2723.07,0.9,844.93,1643.91,709.78,3663.06,0.38,0.06,0.32,0.03,1,16,14856.12,4744.02,1196.24,0.17,34
C10936,183.91,0.63,3905.35,1257.41,1820.0,3423.63,0.25,0.25,0.04,0.14,1,18,6095.14,5031.52,825.86,0.23,10
C10937,9142.99,0.91,2923.03,489.07,1142.22,1060.41,0.61,0.29,0.45,0.2,0,26,12873.33,3316.63,1678.58,0.48,25
C10938,1177.51,0.75,4761.59,521.1,1526.73,1194.99,0.4,0.18,0.19,0.26,1,24,8489.53,3371.29,378.5,0.16,34
C10939,5765.16,0.54,221.69,1260.25,1625.5,1406.42,0.25,0.24,0.16,0.22,0,17,2826.15,3828.4,1114.14,0.45,11
C10940,2740.55,0.53,1333.98,2274.28,690.28,2055.64,0.65,0.18,0.23,0.28,0,14,12165.92,2690.78,1447.24,0.11,23
C10941,5541.78,0.67,3011.75,2694.91,873.05,1171.63,0.69,0.32,0.2,0.02,2,17,10937.58,4113.17,1808.91,0.1,19
C10942,6514.2,0.89,1489.83,261.54,1698.46,98.26,0.54,0.45,0.43,0.0,0,15,8384.11,740.04,1769.0,0.26,9
C10943,8297.42,0.85,3574.98,1185.38,732.88,4396.97,0.04,0.08,0.46,0.2,2,22,8203.74,5771.55,1022.39,0.34,33
C10944,2064.21,0.89,3797.44,309.73,1589.93,4828.05,0.45,0.19,0.15,0.09,3,18,2224.71,4525.91,1289.89,0.02,28
C10945,109.96,0.76,521.55,59.61,1882.57,1707.85,0.61,0.07,0.43,0.08,1,17,10181.89,3823.93,794.53,0.11,6
C10946,1368.86,0.72,2574.13,1988.54,1250.19,1692.53,0.11,0.31,0.39,0.1,2,13,13757.43,1966.3,941.67,0.23,18
C10947,9000.19,0.57,2549.36,1811.32,1485.84,35.46,0.18,0.36,0.47,0.08,5,13,2305.43,1049.64,1813.47,0.17,16
C10948,8738.9,0.66,1852.71,497.43,1612.14,3401.25,0.71,0.47,0.12,0.15,2,21,4689.16,2515.12,1862.1,0.36,8
C10949,5974.13,0.72,4665.3,709.1,1691.63,4127.2,0.02,0.14,0.29,0.13,0,20,13632.31,4003.3,1791.87,0.26,22
C10950,6005.17,0.54,4139.26,80.89,796.16,733.04,0.6,0.48,0.14,0.15,1,13,4980.81,3838.89,285.36,0.08,23
C10951,6650.37,0.61,3489.07,2506.49,112.01,798.33,0.38,0.03,0.41,0.2,1,11,10155.21,2357.58,1701.67,0.45,30
C10952,1753.71,0.8,3574.49,2924.32,809.73,3950.42,0.36,0.3,0.0,0.12,0,12,8487.45,3718.39,1897.24,0.15,15
C10953,9144.12,0.87,2313.96,415.02,1350.77,3081.45,0.01,0.03,0.28,0.08,1,13,9348.59,4901.11,728.89,0.37,21
C10954,4187.71,1.0,4605.76,702.11,906.2,224.3,0.66,0.45,0.17,0.05,2,16,6821.04,255.08,1042.11,0.39,26
C10955,3831.39,0.97,3476.03,2606.54,1500.44,3112.73,0.29,0.26,0.16,0.1,0,9,5199.88,2758.66,1560.4,0.48,18
C10956,5189.18,0.82,3647.62,2780.13,720.4,1544.59,0.43,0.33,0.32,0.22,1,14,1679.47,4575.48,1128.54,0.25,25
C10957,469.66,0.71,4309.84,1264.69,1273.14,1843.63,0.54,0.42,0.43,0.23,1,12,11419.93,3322.25,1987.03,0.31,17
C10958,1662.83,0.82,1377.62,161.36,380.98,3848.66,0.56,0.08,0.3,0.2,0,8,11445.31,3943.71,916.87,0.17,9
C10959,7380.34,0.89,4037.28,127.78,1501.25,4054.68,0.76,0.02,0.43,0.07,1,8,10390.16,3148.39,1430.75,0.34,13
C10960,827.99,0.56,984.25,1726.11,1095.93,2001.78,0.43,0.44,0.13,0.18,0,11,10010.87,5952.06,1587.26,0.23,17
C10961,6031.52,0.7,1733.26,1184.76,416.09,4735.76,0.32,0.16,0.26,0.17,0,20,4412.04,422.27,993.26,0.22,24
C10962,2453.49,0.92,1684.7,95.67,590.9,2032.31,0.76,0.06,0.23,0.15,3,11,1312.83,2997.16,1715.4,0.43,20
C10963,3892.96,0.69,4892.84,1753.92,1499.73,3859.18,0.51,0.23,0.01,0.16,0,18,12322.02,639.36,1096.85,0.03,33
C10964,2886.94,0.79,4284.12,43.79,970.38,2419.39,0.24,0.3,0.28,0.15,3,18,7875.94,1042.73,829.19,0.44,21
C10965,3556.73,0.79,3508.84,2364.24,439.9,4487.66,0.1,0.02,0.33,0.17,0,13,5295.73,2359.93,224.57,0.43,17
C10966,7190.46,0.59,3638.01,926.23,1934.87,4538.81,0.67,0.14,0.3,0.21,3,20,2427.05,1017.69,792.89,0.25,25
C10967,2971.22,0.68,2814.74,130.37,1433.1,437.08,0.29,0.02,0.37,0.03,4,22,1878.1,5785.75,1470.53,0.25,23
C10968,5664.05,0.67,4735.98,1769.17,1914.7,4682.47,0.53,0.21,0.29,0.22,0,22,5884.13,5686.06,1843.36,0.18,27
C10969,4760.5,0.51,2486.33,1199.08,859.94,4127.67,0.38,0.45,0.03,0.04,0,9,12266.32,2083.05,510.84,0.5,17
C10970,6636.71,0.51,1908.78,2921.66,955.45,3956.55,0.16,0.49,0.06,0.02,1,14,13862.13,3874.51,716.92,0.06,21
C10971,9368.3,0.92,823.55,1637.15,1796.93,1004.56,0.48,0.32,0.3,0.29,1,15,,3249.14,316.38,0.3,30
C10972,7325.72,0.64,3933.17,832.97,1054.85,4025.6,0.05,0.08,0.14,0.29,0,24,13880.01,4911.96,1384.54,0.34,33
C10973,2149.4,0.76,3674.88,2131.22,1417.49,4250.66,0.33,0.45,0.04,0.02,1,20,13708.15,3801.93,1920.77,0.47,25
C10974,311.83,0.65,1927.93,821.76,511.82,1445.75,0.44,0.26,0.21,0.13,0,15,8381.15,101.49,1285.49,0.39,16
C10975,2622.64,0.97,135.72,2713.69,898.99,4761.3,0.35,0.08,0.28,0.06,1,14,4071.82,4602.73,1237.98,0.32,27
C10976,5950.78,0.63,4196.6,1130.42,255.67,249.3,0.6,0.46,0.16,0.15,0,19,12172.65,4506.4,,0.06,25
C10977,514.26,0.71,66.98,1654.11,419.9,749.55,0.66,0.38,0.36,0.25,2,7,3991.98,3107.36,186.03,0.19,19
C10978,4963.66,0.94,3521.46,161.21,11.88,2687.91,0.62,0.37,0.32,0.29,1,18,4740.9,5427.22,1461.71,0.07,7
C10979,5968.43,0.92,4851.58,1284.1,88.14,2878.96,0.03,0.35,0.17,0.19,0,16,4265.56,5459.83,1208.08,0.44,18
C10980,3342.44,0.59,2193.93,2498.77,1954.79,3225.75,0.16,0.1,0.38,0.11,0,20,8209.75,3191.08,1326.34,0.37,19
C10981,7709.12,0.9,1182.52,2418.89,492.28,84.85,0.43,0.11,0.32,0.18,1,13,5505.59,3687.13,1798.63,0.38,11
C10982,1065.98,0.73,3527.31,680.71,1329.99,4801.83,0.75,0.34,0.32,0.09,1,11,3158.18,5979.48,1570.08,0.33,17
C10983,751.38,0.74,4087.47,685.98,1679.81,222.94,0.67,0.11,0.28,0.27,0,14,,1863.04,1564.02,0.25,12
C10984,7281.89,0.57,2736.69,2453.74,1105.81,715.31,0.67,0.22,0.01,0.26,0,15,13234.7,2015.24,1855.1,0.07,9
C10985,4954.91,0.54,4835.51,2791.89,314.76,70.07,0.24,0.39,0.35,0.17,2,16,8987.74,1178.37,1979.97,0.16,33
C10986,6884.02,0.86,267.83,295.13,1458.95,2834.29,0.34,0.39,0.19,0.1,0,13,13296.7,5385.61,1166.75,0.07,32
C10987,4348.27,0.75,2528.93,1355.68,1204.5,4661.33,0.38,0.23,0.47,0.09,1,12,3742.21,4492.48,226.67,0.36,12
C10988,2464.02,0.72,3595.09,1018.99,1465.19,3329.74,0.13,0.4,0.41,0.01,1,15,3337.63,723.29,923.67,0.08,18
C10989,8191.02,0.86,4314.58,2613.36,1541.8,4113.29,0.02,0.42,0.29,0.24,1,17,9058.08,5892.43,1577.33,0.35,16
C10990,7994.16,0.88,904.49,259.74,1951.07,66.41,0.76,0.33,0.13,0.14,1,18,7486.6,4412.67,65.17,0.35,13
C10991,6946.96,0.58,4002.02,641.27,1151.39,2710.08,0.19,0.11,0.1,0.1,1,15,10242.42,5118.08,123.21,0.23,32
C10992,2721.45,0.81,2768.01,2259.88,689.87,2297.81,0.19,0.14,0.17,0.14,0,14,12124.78,384.09,143.64,0.07,24
C10993,5902.31,0.57,1988.8,163.37,1300.44,2494.84,0.07,0.16,0.24,0.25,3,18,11518.3,3079.27,1464.76,0.16,7
C10994,3609.74,0.88,667.26,1482.68,146.2,361.07,0.74,0.06,0.15,0.04,3,15,14191.66,4221.73,1007.32,0.16,26
C10995,915.82,0.83,4327.83,1331.9,1795.82,3422.18,0.46,0.14,0.26,0.26,0,13,6575.59,3303.38,744.11,0.35,23
C10996,9173.14,0.98,794.79,1009.86,247.57,2516.1,0.53,0.1,0.08,0.27,2,10,3889.41,4033.22,220.18,0.06,31
C10997,1368.19,0.53,1555.84,1189.77,662.41,3825.74,0.73,0.23,0.49,0.28,1,15,8712.78,4925.46,1467.16,0.41,26
C10998,9502.37,0.53,1457.33,1594.52,1633.33,2426.45,0.28,0.45,0.05,0.12,1,14,2550.4,2308.59,648.83,0.38,15
C10999,4460.06,0.64,4358.36,492.49,1198.65,746.91,0.5,0.05,0.47,0.07,0,18,5043.92,5107.15,537.99,0.09,34
